title,commander,decklist
Counter Intelligence (EOC),"Inspirit, Flagship Vessel","Inspirit, Flagship Vessel
1 Kilo, Apogee Mind
1 Patrolling Peacemaker
1 Insight Engine
1 Uthros Research Craft
1 Depthshaker Titan
1 Long-Range Sensor
1 Moxite Refinery
1 Solar Array
1 Surge Conductor
1 Glittering Massif
1 Radiant Summit
1 Swan Song
1 Chaos Warp
1 Cloud Key
1 Gavel of the Righteous
1 Battlefield Forge
1 Angel of the Ruins
1 Fumigate
1 Organic Extinction
1 Resourceful Defense
1 Chrome Host Seedshark
1 Cyberdrive Awakener
1 Deepglow Skate
1 Emry, Lurker of the Loch
1 Kappa Cannoneer
1 Phyrexian Metamorph
1 Pull from Tomorrow
1 Ripples of Potential
1 Tekuthal, Inquiry Dominus
1 Thought Monitor
1 Universal Surveillance
1 Chain Reaction
1 Alibou, Ancient Witness
1 Jhoira, Weatherlight Captain
1 Wake the Past
1 Astral Cornucopia
1 Crystalline Crawler
1 Darksteel Reactor
1 Empowered Autogenerator
1 Hangarback Walker
1 Lux Artillery
1 Lux Cannon
1 Steel Overseer
1 Threefold Thunderhulk
1 Titan Forge
1 Adarkar Wastes
1 Cascade Bluffs
1 Clifftop Retreat
1 Exotic Orchard
1 Glacial Fortress
1 Irrigated Farmland
1 Karn's Bastion
1 The Mycosynth Gardens
1 Rugged Prairie
1 Shivan Reef
1 Skycloud Expanse
1 Spire of Industry
1 Sulfur Falls
1 Temple of Enlightenment
1 Temple of Epiphany
1 Temple of Triumph
1 Swords to Plowshares
1 Tezzeret's Gambit
1 Thirst for Knowledge
1 Arcane Signet
1 Pentad Prism
1 Sol Ring
1 Command Tower
1 Dispatch
1 Etherium Sculptor
1 Experimental Augury
1 Thrummingbird
1 Enthusiastic Mechanaut
1 Coretapper
1 Etched Oracle
1 Everflowing Chalice
1 Golem Foundry
1 Mindless Automaton
1 Soul-Guide Lantern
1 Ancient Den
1 Buried Ruin
1 Evolving Wilds
1 Great Furnace
1 Lonely Sandbar
1 Mystic Monastery
1 Razortide Bridge
1 Rustvale Bridge
1 Seat of the Synod
1 Secluded Steppe
1 Silverbluff Bridge
2 Plains
1 Plains
2 Island
1 Island
2 Mountain
1 Mountain
"
World Shaper (EOC),"Hearthhull, the Worldseed","Hearthhull, the Worldseed
1 Szarel, Genesis Shepherd
1 Eumidian Wastewaker
1 Evendo Brushrazer
1 Planetary Annihilation
1 Baloth Prime
1 Exploration Broodship
1 Horizon Explorer
1 Scouring Swarm
1 Eumidian Hatchery
1 Festering Thicket
1 Vernal Fen
1 Fabled Passage
1 Braids, Arisen Nightmare
1 God-Eternal Bontu
1 Blasphemous Act
1 Hammer of Purphoros
1 Moraug, Fury of Akoum
1 Augur of Autumn
1 Centaur Vinecrasher
1 Formless Genesis
1 Loamcrafter Faun
1 Multani, Yavimaya's Avatar
1 Oracle of Mul Daya
1 Pest Infestation
1 Rampaging Baloths
1 Splendid Reclamation
1 Tireless Tracker
1 Titania, Protector of Argoth
1 World Breaker
1 Escape to the Wilds
1 Gaze of Granite
1 The Gitrog Monster
1 Korvold, Fae-Cursed King
1 Mazirek, Kraul Death Priest
1 Omnath, Locus of Rage
1 Soul of Windgrace
1 Windgrace's Judgment
1 Worldsoul's Rage
1 Canyon Slough
1 Cinder Glade
1 Karplusan Forest
1 Llanowar Wastes
1 Sheltered Thicket
1 Smoldering Marsh
1 Sulfurous Springs
1 Twilight Mire
1 Viridescent Bog
1 Farseek
1 Springbloom Druid
1 Binding the Old Gods
1 Arcane Signet
1 Sol Ring
1 Command Tower
1 Mountain Valley
1 Terramorphic Expanse
1 Infernal Grasp
1 Night's Whisper
1 Sprouting Goblin
1 Aftermath Analyst
1 Beast Within
1 Cultivate
1 Groundskeeper
1 Harrow
1 Nature's Lore
1 Roiling Regrowth
1 Satyr Wayfinder
1 Skyshroud Claim
1 Tear Asunder
1 Juri, Master of the Revue
1 Mayhem Devil
1 Putrefy
1 Rakdos Charm
1 Uurg, Spawn of Turg
1 Bojuka Bog
1 Cabaretti Courtyard
1 Dakmor Salvage
1 Escape Tunnel
1 Evolving Wilds
1 Maestros Theater
1 Myriad Landscape
1 Riveteers Overlook
1 Rocky Tar Pit
1 Wastes
3 Swamp
2 Swamp
2 Mountain
1 Mountain
4 Forest
4 Forest
"
Counter Blitz (FINAL FANTASY X) (FIC),"Tidus, Yuna's Guardian","Tidus, Yuna's Guardian
1 Yuna, Grand Summoner
1 Auron, Venerated Guardian
1 Chocobo Knights
1 Gatta and Luzzu
1 Lord Jyscal Guado
1 Protection Magic
1 Summon: Ixion
1 Summon: Yojimbo
1 Summoner's Sending
1 Blitzball Stadium
1 Lulu, Stern Guardian
1 O'aka, Traveling Merchant
1 Rikku, Resourceful Guardian
1 Summon: Valefor
1 Maester Seymour
1 Sphere Grid
1 Summon: Magus Sisters
1 Tromell, Seymour's Butler
1 Yuna's Decision
1 Yuna's Whistle
1 Kimahri, Valiant Guardian
1 Shelinda, Yevon Acolyte
1 Sin, Unending Cataclysm
1 Wakka, Devoted Guardian
1 Collective Effort
1 Damning Verdict
1 Farewell
1 Luminous Broodmoth
1 Promise of Loyalty
1 Resourceful Defense
1 Scholar of New Horizons
1 Sunscorch Regent
1 Together Forever
1 Chasm Skulker
1 Inexorable Tide
1 Pull from Tomorrow
1 Bane of Progress
1 Fight Rigging
1 Forgotten Ancient
1 Generous Patron
1 Gyre Sage
1 Hardened Scales
1 Incubation Druid
1 Path of Discovery
1 Rampant Rejuvenator
1 Tireless Tracker
1 Altered Ego
1 Endless Detour
1 Fathom Mage
1 Walking Ballista
1 Brushland
1 Canopy Vista
1 Exotic Orchard
1 Flooded Grove
1 Fortified Village
1 Glacial Fortress
1 Hinterland Harbor
1 Overflowing Basin
1 Port Town
1 Prairie Stream
1 Skycloud Expanse
1 Sungrass Prairie
1 Sunpetal Grove
1 Temple of Enlightenment
1 Temple of Mystery
1 Temple of Plenty
1 Vineglimmer Snarl
1 Destroy Evil
1 Grateful Apparition
1 Path to Exile
1 An Offer You Can't Refuse
1 Duskshell Crawler
1 Farseek
1 Inspiring Call
1 Three Visits
1 Bred for the Hunt
1 Arcane Signet
1 Everflowing Chalice
1 Sol Ring
1 Ash Barrens
1 Evolving Wilds
1 Forge of Heroes
1 Idyllic Beachfront
1 Nesting Grounds
1 Path of Ancestry
1 Radiant Grove
1 Seaside Citadel
1 Tangled Islet
1 Temple of the False God
1 Command Tower
1 Island
1 Island
1 Island
1 Forest
1 Forest
1 Forest
1 Plains
1 Plains
1 Plains
"
Counter Blitz Collector's Edition (FINAL FANTASY X) (FIC),"Tidus, Yuna's Guardian","Tidus, Yuna's Guardian
1 Altered Ego
1 An Offer You Can't Refuse
1 Arcane Signet
1 Ash Barrens
1 Auron, Venerated Guardian
1 Bane of Progress
1 Blitzball Stadium
1 Bred for the Hunt
1 Brushland
1 Canopy Vista
1 Chasm Skulker
1 Chocobo Knights
1 Collective Effort
1 Command Tower
1 Damning Verdict
1 Destroy Evil
1 Duskshell Crawler
1 Endless Detour
1 Everflowing Chalice
1 Evolving Wilds
1 Exotic Orchard
1 Farewell
1 Farseek
1 Fathom Mage
1 Fight Rigging
1 Flooded Grove
3 Forest
1 Forge of Heroes
1 Forgotten Ancient
1 Fortified Village
1 Gatta and Luzzu
1 Generous Patron
1 Glacial Fortress
1 Grateful Apparition
1 Gyre Sage
1 Hardened Scales
1 Hinterland Harbor
1 Idyllic Beachfront
1 Incubation Druid
1 Inexorable Tide
1 Inspiring Call
3 Island
1 Kimahri, Valiant Guardian
1 Lord Jyscal Guado
1 Lulu, Stern Guardian
1 Luminous Broodmoth
1 Maester Seymour
1 Nesting Grounds
1 O'aka, Traveling Merchant
1 Overflowing Basin
1 Path of Ancestry
1 Path of Discovery
1 Path to Exile
3 Plains
1 Port Town
1 Prairie Stream
1 Promise of Loyalty
1 Protection Magic
1 Pull from Tomorrow
1 Radiant Grove
1 Rampant Rejuvenator
1 Resourceful Defense
1 Rikku, Resourceful Guardian
1 Scholar of New Horizons
1 Seaside Citadel
1 Shelinda, Yevon Acolyte
1 Sin, Unending Cataclysm
1 Skycloud Expanse
1 Sol Ring
1 Sphere Grid
1 Summon: Ixion
1 Summon: Magus Sisters
1 Summon: Valefor
1 Summon: Yojimbo
1 Summoner's Sending
1 Sungrass Prairie
1 Sunpetal Grove
1 Sunscorch Regent
1 Tangled Islet
1 Temple of Enlightenment
1 Temple of Mystery
1 Temple of Plenty
1 Temple of the False God
1 Three Visits
1 Tireless Tracker
1 Together Forever
1 Tromell, Seymour's Butler
1 Vineglimmer Snarl
1 Wakka, Devoted Guardian
1 Walking Ballista
1 Yuna, Grand Summoner
1 Yuna's Decision
1 Yuna's Whistle
"
Limit Break (FINAL FANTASY VII) (FIC),"Cloud, Ex-SOLDIER","Cloud, Ex-SOLDIER
1 Tifa, Martial Artist
1 Cid, Freeflier Pilot
1 Cloud's Limit Break
1 Elena, Turk Recruit
1 Heidegger, Shinra Executive
1 Helitrooper
1 SOLDIER Military Program
1 Ultimate Magic: Holy
1 Avalanche of Sector 7
1 Cait Sith, Fortune Teller
1 Summon: Kujata
1 Ultimate Magic: Meteor
1 Vincent, Vengeful Atoner
1 Yuffie, Materia Hunter
1 Bugenhagen, Wise Elder
1 Lifestream's Blessing
1 Professor Hojo
1 Summoning Materia
1 Aerith, Last Ancient
1 Barret, Avalanche Leader
1 Red XIII, Proud Warrior
1 Sephiroth, Fallen Hero
1 Conformer Shuriken
1 Wrecking Ball Arm
1 Austere Command
1 Bastion Protector
1 Bronze Guardian
1 Clever Concealment
1 Puresteel Paladin
1 Unfinished Business
1 Vanquish the Horde
1 Chaos Warp
1 Hellkite Tyrant
1 Professional Face-Breaker
1 Decimate
1 Armory Automaton
1 Champion's Helm
1 Conqueror's Flail
1 Darksteel Plate
1 Inspiring Statuary
1 Sword of the Animist
1 Battlefield Forge
1 Bonders' Enclave
1 Brushland
1 Canopy Vista
1 Cinder Glade
1 Clifftop Retreat
1 Exotic Orchard
1 Fire-Lit Thicket
1 Fortified Village
1 Furycalm Snarl
1 Game Trail
1 Mossfire Valley
1 Rootbound Crag
1 Rugged Prairie
1 Scavenger Grounds
1 Slayers' Stronghold
1 Spire of Industry
1 Sungrass Prairie
1 Sunpetal Grove
1 Sunscorched Divide
1 Zack Fair
1 Barret Wallace
1 Dispatch
1 Secret Rendezvous
1 Furious Rise
1 Vandalblast
1 Cultivate
1 Harmonize
1 Nature's Lore
1 Rampant Growth
1 Behemoth Sledge
1 Arcane Signet
1 Colossus Hammer
1 Explorer's Scope
1 Hero's Blade
1 Hero's Heirloom
1 Lightning Greaves
1 Mask of Memory
1 Skullclamp
1 Sol Ring
1 Trailblazer's Boots
1 Ash Barrens
1 Evolving Wilds
1 Jungle Shrine
1 Path of Ancestry
1 Radiant Grove
1 Sacred Peaks
1 Wooded Ridgeline
1 Command Tower
1 Mountain
1 Mountain
1 Mountain
1 Forest
1 Forest
1 Forest
1 Plains
1 Plains
1 Plains
"
Limit Break Collector's Edition (FINAL FANTASY VII) (FIC),"Cloud, Ex-SOLDIER","Cloud, Ex-SOLDIER
1 Aerith, Last Ancient
1 Arcane Signet
1 Armory Automaton
1 Ash Barrens
1 Austere Command
1 Avalanche of Sector 7
1 Barret Wallace
1 Barret, Avalanche Leader
1 Bastion Protector
1 Battlefield Forge
1 Behemoth Sledge
1 Bonders' Enclave
1 Bronze Guardian
1 Brushland
1 Bugenhagen, Wise Elder
1 Cait Sith, Fortune Teller
1 Canopy Vista
1 Champion's Helm
1 Chaos Warp
1 Cid, Freeflier Pilot
1 Cinder Glade
1 Clever Concealment
1 Clifftop Retreat
1 Cloud's Limit Break
1 Colossus Hammer
1 Command Tower
1 Conformer Shuriken
1 Conqueror's Flail
1 Cultivate
1 Darksteel Plate
1 Decimate
1 Dispatch
1 Elena, Turk Recruit
1 Evolving Wilds
1 Exotic Orchard
1 Explorer's Scope
1 Fire-Lit Thicket
3 Forest
1 Fortified Village
1 Furious Rise
1 Furycalm Snarl
1 Game Trail
1 Harmonize
1 Heidegger, Shinra Executive
1 Helitrooper
1 Hellkite Tyrant
1 Hero's Blade
1 Hero's Heirloom
1 Inspiring Statuary
1 Jungle Shrine
1 Lifestream's Blessing
1 Lightning Greaves
1 Mask of Memory
1 Mossfire Valley
3 Mountain
1 Nature's Lore
1 Path of Ancestry
3 Plains
1 Professional Face-Breaker
1 Professor Hojo
1 Puresteel Paladin
1 Radiant Grove
1 Rampant Growth
1 Red XIII, Proud Warrior
1 Rootbound Crag
1 Rugged Prairie
1 Sacred Peaks
1 Scavenger Grounds
1 Secret Rendezvous
1 Sephiroth, Fallen Hero
1 Skullclamp
1 Slayers' Stronghold
1 Sol Ring
1 SOLDIER Military Program
1 Spire of Industry
1 Summon: Kujata
1 Summoning Materia
1 Sungrass Prairie
1 Sunpetal Grove
1 Sunscorched Divide
1 Sword of the Animist
1 Tifa, Martial Artist
1 Trailblazer's Boots
1 Ultimate Magic: Holy
1 Ultimate Magic: Meteor
1 Unfinished Business
1 Vandalblast
1 Vanquish the Horde
1 Vincent, Vengeful Atoner
1 Wooded Ridgeline
1 Wrecking Ball Arm
1 Yuffie, Materia Hunter
1 Zack Fair
"
Revival Trance (FINAL FANTASY VI) (FIC),"Terra, Herald of Hope","Terra, Herald of Hope
1 Celes, Rune Knight
1 Coin of Fate
1 Cyan, Vengeful Samurai
1 General Leo Cristophe
1 Espers to Magicite
1 The Falcon, Airship Restored
1 Interceptor, Shadow's Hound
1 Rejoin the Fight
1 Shadow, Mysterious Assassin
1 Siegfried, Famed Swordsman
1 Gau, Feral Youth
1 Gogo, Mysterious Mime
1 Sabin, Master Monk
1 Snort
1 Strago and Relm
1 Summon: Esper Valigarmanda
1 Umaro, Raging Yeti
1 Banon, the Returners' Leader
1 Edgar, Master Machinist
1 Kefka, Dancing Mad
1 Locke, Treasure Hunter
1 Mog, Moogle Warrior
1 Setzer, Wandering Gambler
1 The Warring Triad
1 Sun Titan
1 Tragic Arrogance
1 Archfiend of Depravity
1 Reanimate
1 Rise of the Dark Realms
1 Sepulchral Primordial
1 Combustible Gearhulk
1 Flayer of the Hatebound
1 Ruin Grinder
1 Bedevil
1 Legions to Ashes
1 Priest of Fell Rites
1 Ruinous Ultimatum
1 Key to the City
1 Solemn Simulacrum
1 Battlefield Forge
1 Clifftop Retreat
1 Desolate Mire
1 Dragonskull Summit
1 Exotic Orchard
1 Fetid Heath
1 Foreboding Ruins
1 Furycalm Snarl
1 Graven Cairns
1 High Market
1 Isolated Chapel
1 Rugged Prairie
1 Shadowblood Ridge
1 Shineshadow Snarl
1 Smoldering Marsh
1 Sulfurous Springs
1 Sunscorched Divide
1 Phoenix Down
1 Laughing Mad
1 Angel of the Ruins
1 Palace Jailer
1 Morbid Opportunist
1 Night's Whisper
1 Pitiless Plunderer
1 Stitch Together
1 Stitcher's Supplier
1 Anger
1 Big Score
1 Crackling Doom
1 Mortify
1 Arcane Signet
1 Commander's Sphere
1 Meteor Golem
1 Millikin
1 Mind Stone
1 Sol Ring
1 Swiftfoot Boots
1 Talisman of Conviction
1 Talisman of Indulgence
1 Wayfarer's Bauble
1 Ash Barrens
1 Demolition Field
1 Evolving Wilds
1 Geothermal Bog
1 Nomad Outpost
1 Path of Ancestry
1 Rogue's Passage
1 Sacred Peaks
1 Sunlit Marsh
1 Command Tower
2 Plains
1 Plains
1 Plains
1 Swamp
1 Swamp
1 Swamp
1 Mountain
1 Mountain
1 Mountain
"
Revival Trance Collector's Edition (FINAL FANTASY VI) (FIC),"Terra, Herald of Hope","Terra, Herald of Hope
1 Angel of the Ruins
1 Anger
1 Arcane Signet
1 Archfiend of Depravity
1 Ash Barrens
1 Banon, the Returners' Leader
1 Battlefield Forge
1 Bedevil
1 Big Score
1 Celes, Rune Knight
1 Clifftop Retreat
1 Coin of Fate
1 Combustible Gearhulk
1 Command Tower
1 Commander's Sphere
1 Crackling Doom
1 Cyan, Vengeful Samurai
1 Demolition Field
1 Desolate Mire
1 Dragonskull Summit
1 Edgar, Master Machinist
1 Espers to Magicite
1 Evolving Wilds
1 Exotic Orchard
1 Fetid Heath
1 Flayer of the Hatebound
1 Foreboding Ruins
1 Furycalm Snarl
1 Gau, Feral Youth
1 General Leo Cristophe
1 Geothermal Bog
1 Gogo, Mysterious Mime
1 Graven Cairns
1 High Market
1 Interceptor, Shadow's Hound
1 Isolated Chapel
1 Kefka, Dancing Mad
1 Key to the City
1 Laughing Mad
1 Legions to Ashes
1 Locke, Treasure Hunter
1 Meteor Golem
1 Millikin
1 Mind Stone
1 Mog, Moogle Warrior
1 Morbid Opportunist
1 Mortify
3 Mountain
1 Night's Whisper
1 Nomad Outpost
1 Palace Jailer
1 Path of Ancestry
1 Phoenix Down
1 Pitiless Plunderer
4 Plains
1 Priest of Fell Rites
1 Reanimate
1 Rejoin the Fight
1 Rise of the Dark Realms
1 Rogue's Passage
1 Rugged Prairie
1 Ruin Grinder
1 Ruinous Ultimatum
1 Sabin, Master Monk
1 Sacred Peaks
1 Sepulchral Primordial
1 Setzer, Wandering Gambler
1 Shadow, Mysterious Assassin
1 Shadowblood Ridge
1 Shineshadow Snarl
1 Siegfried, Famed Swordsman
1 Smoldering Marsh
1 Snort
1 Sol Ring
1 Solemn Simulacrum
1 Stitch Together
1 Stitcher's Supplier
1 Strago and Relm
1 Sulfurous Springs
1 Summon: Esper Valigarmanda
1 Sun Titan
1 Sunlit Marsh
1 Sunscorched Divide
3 Swamp
1 Swiftfoot Boots
1 Talisman of Conviction
1 Talisman of Indulgence
1 The Falcon, Airship Restored
1 The Warring Triad
1 Tragic Arrogance
1 Umaro, Raging Yeti
1 Wayfarer's Bauble
"
Scions & Spellcraft (FINAL FANTASY XIV) (FIC),"Y'shtola, Night's Blessed","Y'shtola, Night's Blessed
1 G'raha Tia, Scion Reborn
1 Alisaie Leveilleur
1 Champions from Beyond
1 Dancer's Chakrams
1 Summon: Good King Mog XII
1 Tataru Taru
1 Thancred Waters
1 Alphinaud Leveilleur
1 Blue Mage's Cane
1 Hermes, Overseer of Elpis
1 Hraesvelgr of the First Brood
1 Observed Stasis
1 Eye of Nidhogg
1 Fandaniel, Telophoroi Ascian
1 Astrologian's Planisphere
1 Reaper's Scythe
1 Transpose
1 Ardbert, Warrior of Darkness
1 Emet-Selch of the Third Seat
1 Estinien Varlineau
1 Hildibrand Manderville // Gentleman's Rise
1 Krile Baldesion
1 Lyse Hext
1 Papalymo Totolymo
1 Urianger Augurelt
1 Archaeomancer's Map
1 Authority of the Consuls
1 Cleansing Nova
1 Final Judgment
1 Archmage Emeritus
1 Dig Through Time
1 Rite of Replication
1 Sublime Epiphany
1 Torrential Gearhulk
1 Crux of Fate
1 Lethal Scheme
1 Murderous Rider // Swift End
1 Baleful Strix
1 Vindicate
1 Void Rend
1 Coveted Jewel
1 Tome of Legends
1 Choked Estuary
1 Darkwater Catacombs
1 Desolate Mire
1 Drowned Catacomb
1 Exotic Orchard
1 Fetid Heath
1 Glacial Fortress
1 Isolated Chapel
1 Port Town
1 Prairie Stream
1 Scavenger Grounds
1 Shineshadow Snarl
1 Skycloud Expanse
1 Sunken Hollow
1 Sunken Ruins
1 Underground River
1 White Auracite
1 Sage's Nouliths
1 Circle of Power
1 Cut a Deal
1 Lingering Souls
1 Swords to Plowshares
1 Hypnotic Sprite // Mesmeric Glare
1 Into the Story
1 Propaganda
1 Bastion of Remembrance
1 Exsanguinate
1 Snuff Out
1 Syphon Mind
1 Arcane Signet
1 Relic of Legends
1 Sol Ring
1 Talisman of Dominance
1 Talisman of Hierarchy
1 Talisman of Progress
1 Thought Vessel
1 Arcane Sanctum
1 Ash Barrens
1 Command Tower
1 Contaminated Aquifer
1 Demolition Field
1 Evolving Wilds
1 Idyllic Beachfront
1 Path of Ancestry
1 Sunlit Marsh
1 Temple of the False God
1 Island
1 Island
1 Island
2 Swamp
1 Swamp
1 Swamp
2 Plains
1 Plains
1 Plains
"
Scions & Spellcraft Collector's Edition (FINAL FANTASY XIV) (FIC),"Y'shtola, Night's Blessed","Y'shtola, Night's Blessed
1 Alisaie Leveilleur
1 Alphinaud Leveilleur
1 Arcane Sanctum
1 Arcane Signet
1 Archaeomancer's Map
1 Archmage Emeritus
1 Ardbert, Warrior of Darkness
1 Ash Barrens
1 Astrologian's Planisphere
1 Authority of the Consuls
1 Baleful Strix
1 Bastion of Remembrance
1 Blue Mage's Cane
1 Champions from Beyond
1 Choked Estuary
1 Circle of Power
1 Cleansing Nova
1 Command Tower
1 Contaminated Aquifer
1 Coveted Jewel
1 Crux of Fate
1 Cut a Deal
1 Dancer's Chakrams
1 Darkwater Catacombs
1 Demolition Field
1 Desolate Mire
1 Dig Through Time
1 Drowned Catacomb
1 Emet-Selch of the Third Seat
1 Estinien Varlineau
1 Evolving Wilds
1 Exotic Orchard
1 Exsanguinate
1 Eye of Nidhogg
1 Fandaniel, Telophoroi Ascian
1 Fetid Heath
1 Final Judgment
1 G'raha Tia, Scion Reborn
1 Glacial Fortress
1 Hermes, Overseer of Elpis
1 Hildibrand Manderville // Gentleman's Rise
1 Hraesvelgr of the First Brood
1 Hypnotic Sprite // Mesmeric Glare
1 Idyllic Beachfront
1 Into the Story
3 Island
1 Isolated Chapel
1 Krile Baldesion
1 Lethal Scheme
1 Lingering Souls
1 Lyse Hext
1 Murderous Rider // Swift End
1 Observed Stasis
1 Papalymo Totolymo
1 Path of Ancestry
4 Plains
1 Port Town
1 Prairie Stream
1 Propaganda
1 Reaper's Scythe
1 Relic of Legends
1 Rite of Replication
1 Sage's Nouliths
1 Scavenger Grounds
1 Shineshadow Snarl
1 Skycloud Expanse
1 Snuff Out
1 Sol Ring
1 Sublime Epiphany
1 Summon: Good King Mog XII
1 Sunken Hollow
1 Sunken Ruins
1 Sunlit Marsh
4 Swamp
1 Swords to Plowshares
1 Syphon Mind
1 Talisman of Dominance
1 Talisman of Hierarchy
1 Talisman of Progress
1 Tataru Taru
1 Temple of the False God
1 Thancred Waters
1 Thought Vessel
1 Tome of Legends
1 Torrential Gearhulk
1 Transpose
1 Underground River
1 Urianger Augurelt
1 Vindicate
1 Void Rend
1 White Auracite
"
Everyone's Invited! (SLD),"Morophon, the Boundless","Morophon, the Boundless
1 Raise the Palisade
1 Bitterblossom
1 Taurean Mauler
1 Avenger of Zendikar
1 Coat of Arms
1 Kindred Summons
1 Maskwood Nexus
1 Sol Ring
1 Tendershoot Dryad
1 Adarkar Wastes
1 Amoeboid Changeling
1 Ancient Amphitheater
1 Arcane Adaptation
1 Arcane Denial
1 Arcane Sanctum
1 Arcane Signet
1 Atla Palani, Nest Tender
1 Beast Within
1 Black Market Connections
1 Bloodline Pretender
1 Brenard, Ginger Sculptor
1 Bruse Tarl, Roving Rancher
1 Brushland
1 Chameleon Colossus
1 Cloudshredder Sliver
1 Command Tower
1 Crib Swap
1 Cultivate
1 Darkwater Catacombs
1 Distant Melody
1 Double Down
1 Exotic Orchard
1 Fabled Passage
1 Farseek
1 Feline Sovereign
1 Fire-Belly Changeling
1 Frontier Bivouac
1 Gemhide Sliver
1 Gilt-Leaf Palace
1 Graveshifter
1 Guardian Gladewalker
1 Harabaz Druid
1 Harper Recruiter
1 Impostor of the Sixth Pride
1 Jungle Shrine
1 Karplusan Forest
1 Kindred Discovery
1 Kindred Dominance
1 Kinsbaile Cavalier
1 Kirri, Talented Sprout
1 Kodama's Reach
1 Llanowar Wastes
1 Magda, Brazen Outlaw
1 Manaweft Sliver
1 Masked Vandal
1 Mirror Entity
1 Moritte of the Frost
1 Mossfire Valley
1 Mothdust Changeling
1 Murmuring Bosk
1 Mutavault
1 Nameless Inversion
1 Opulent Palace
1 Overflowing Basin
1 Path of Ancestry
1 Pongify
1 Realmbreaker, the Invasion Tree
1 Realmwalker
1 Rin and Seri, Inseparable
1 Risen Reef
1 Rukarumel, Biologist
1 Seaside Citadel
1 Secluded Glen
1 Shapesharer
1 Shields of Velis Vel
1 Skeletal Changeling
1 Sophia, Dogged Detective
1 Spoils of Adventure
1 Stick Together
1 Sungrass Prairie
1 Tazri, Beacon of Unity
1 The Bears of Littjara
1 The World Tree
1 Universal Automaton
1 Unsettled Mariner
1 Wanderwine Hub
1 Yavimaya Coast
1 Forest
1 Forest
1 Forest
1 Plains
1 Plains
1 Plains
1 Mountain
1 Mountain
1 Island
1 Island
1 Island
1 Swamp
"
Abzan Armor (TDC),Felothar the Steadfast,"Felothar the Steadfast
1 Betor, Ancestor's Voice
1 Protector of the Wastes
1 Reunion of the House
1 Jaws of Defeat
1 Tip the Scales
1 Will of the Abzan
1 Arbor Adherent
1 Canopy Gargantuan
1 Rampart Architect
1 Tree of Redemption
1 Ikra Shidiqi, the Usurper
1 Baldin, Century Herdmaster
1 Expel the Interlopers
1 Indomitable Ancients
1 Rhox Faithmender
1 Shalai, Voice of Plenty
1 Wakestone Gargoyle
1 Wall of Reverence
1 Welcoming Vampire
1 Zetalpa, Primal Dawn
1 Arasta of the Endless Web
1 Assault Formation
1 Hornet Nest
1 Seedborn Muse
1 Sylvan Caryatid
1 Towering Titan
1 Anguished Unmaking
1 Dragonlord Dromoka
1 Faeburrow Elder
1 Shadrix Silverquill
1 Sidar Kondo of Jamuraa
1 Colfenor's Urn
1 Staff of Compleation
1 Weathered Sentinels
1 Canopy Vista
1 Exotic Orchard
1 Fortified Village
1 Isolated Chapel
1 Overgrown Farmland
1 Sungrass Prairie
1 Sunpetal Grove
1 Temple of Malady
1 Temple of Plenty
1 Temple of Silence
1 Twilight Mire
1 Woodland Cemetery
1 Arcane Signet
1 Sol Ring
1 Command Tower
1 Nyx-Fleece Ram
1 Slaughter the Strong
1 Swords to Plowshares
1 Wall of Omens
1 Wingmantle Chaplain
1 Behind the Scenes
1 Blight Pile
1 Feed the Swarm
1 Infernal Grasp
1 Wall of Limbs
1 Arboreal Grazer
1 Axebane Guardian
1 Carven Caryatid
1 Evolving Wilds
1 Jaddi Offshoot
1 Overgrown Battlement
1 Sandsteppe Citadel
1 Tower Defense
1 Wall of Blossoms
1 Wall of Roots
1 Despark
1 Indulging Patrician
1 Crashing Drawbridge
1 Orzhov Signet
1 Selesnya Signet
1 Swiftfoot Boots
1 Walking Bulwark
1 Access Tunnel
1 Bojuka Bog
1 Deceptive Landscape
1 Path of Ancestry
1 Radiant Grove
3 Plains
3 Plains
3 Swamp
2 Swamp
4 Forest
3 Forest
"
Jeskai Striker (TDC),"Shiko and Narset, Unified","Shiko and Narset, Unified
1 Elsha, Threefold Master
1 Aligned Heart
1 Tempest Technique
1 Adaptive Training Post
1 Transcendent Dragon
1 Voracious Bibliophile
1 Caldera Pyremaw
1 Transforming Flourish
1 Will of the Jeskai
1 Vanquish the Horde
1 Narset's Reversal
1 Dismantling Wave
1 Mangara, the Diplomat
1 Monastery Mentor
1 Ancestral Vision
1 Archmage Emeritus
1 Baral's Expertise
1 Curse of the Swine
1 Haughty Djinn
1 Lier, Disciple of the Drowned
1 Rite of Replication
1 Sublime Epiphany
1 Electrodominance
1 Manaform Hellkite
1 Baral and Kari Zev
1 Expansion // Explosion
1 Magma Opus
1 Prismari Command
1 Time Wipe
1 Velomachus Lorehold
1 Veyran, Voice of Duality
1 Whirlwind of Thought
1 Adarkar Wastes
1 Battlefield Forge
1 Cascade Bluffs
1 Clifftop Retreat
1 Exotic Orchard
1 Ferrous Lake
1 Glacial Fortress
1 Irrigated Farmland
1 Prairie Stream
1 Rugged Prairie
1 Shivan Reef
1 Skycloud Expanse
1 Sulfur Falls
1 Temple of Enlightenment
1 Temple of Epiphany
1 Temple of Triumph
1 Young Pyromancer
1 Goblin Electromancer
1 Arcane Signet
1 Sol Ring
1 Command Tower
1 Ghostly Prison
1 Swords to Plowshares
1 Compulsive Research
1 Consider
1 Deep Analysis
1 Frantic Search
1 Opt
1 Ponder
1 Pongify
1 Preordain
1 Think Twice
1 Abrade
1 Big Score
1 Curse of Opulence
1 Faithless Looting
1 Guttersnipe
1 Mana Geyser
1 Shiny Impetus
1 Storm-Kiln Artist
1 Evolving Wilds
1 Mystic Monastery
1 Expressive Iteration
1 Third Path Iconoclast
1 Azorius Signet
1 Boros Signet
1 Fellwar Stone
1 Izzet Signet
1 Talisman of Progress
1 Ash Barrens
1 Path of Ancestry
1 Perilous Landscape
1 Reliquary Tower
2 Plains
2 Plains
3 Island
2 Island
3 Mountain
2 Mountain
"
Mardu Surge (TDC),Zurgo Stormrender,"Zurgo Stormrender
1 Neriv, Crackling Vanguard
1 Ainok Strike Leader
1 Ironwill Forger
1 Will of the Mardu
1 Bone Devourer
1 Within Range
1 Goldlust Triad
1 Infantry Shield
1 Redoubled Stormsinger
1 Adeline, Resplendent Cathar
1 Angel of Invention
1 Commander's Insignia
1 Divine Visitation
1 Emeria Angel
1 Grand Crescendo
1 Hero of Bladehold
1 Hour of Reckoning
1 Legion Loyalty
1 Selfless Spirit
1 Sun Titan
1 Tocasia's Welcome
1 Twilight Drover
1 Chittering Witch
1 Eliminate the Competition
1 Gix, Yawgmoth Praetor
1 Mindblade Render
1 Ophiomancer
1 Yahenni, Undying Partisan
1 Grenzo, Havoc Raiser
1 Legion Warboss
1 Ogre Battledriver
1 Siege-Gang Commander
1 Tempt with Vengeance
1 Kaya, Geist Hunter
1 Blade of Selves
1 Idol of Oblivion
1 Myr Battlesphere
1 Solemn Simulacrum
1 Battlefield Forge
1 Canyon Slough
1 Castle Ardenvale
1 Castle Embereth
1 Caves of Koilos
1 Clifftop Retreat
1 Dragonskull Summit
1 Exotic Orchard
1 Fetid Heath
1 Isolated Chapel
1 Shattered Sanctum
1 Smoldering Marsh
1 Temple of Silence
1 Temple of Triumph
1 Vault of the Archangel
1 Windbrisk Heights
1 Shadow Summoning
1 Lightning Greaves
1 Skullclamp
1 Arcane Signet
1 Sol Ring
1 Command Tower
1 Goldnight Commander
1 Lingering Souls
1 Release the Dogs
1 Stroke of Midnight
1 Swords to Plowshares
1 Bastion of Remembrance
1 Bitter Triumph
1 Deadly Dispute
1 Morbid Opportunist
1 Viscera Seer
1 Abrade
1 Beetleback Chief
1 Loyal Apprentice
1 Nomad Outpost
1 Aron, Benalia's Ruin
1 Thalisse, Reverent Medium
1 Fellwar Stone
1 Talisman of Conviction
1 Talisman of Hierarchy
1 Wayfarer's Bauble
1 Bojuka Bog
1 Path of Ancestry
1 Shattered Landscape
1 Terramorphic Expanse
3 Plains
2 Plains
3 Swamp
2 Swamp
3 Mountain
2 Mountain
"
Sultai Arisen (TDC),"Teval, the Balanced Scale","Teval, the Balanced Scale
1 Kotis, Sibsig Champion
1 Diviner of Mist
1 Afterlife from the Loam
1 Teval's Judgment
1 Welcome the Dead
1 Floral Evoker
1 Steward of the Harvest
1 Will of the Sultai
1 Colossal Grave-Reaver
1 Gravecrawler
1 Life from the Loam
1 Casualties of War
1 Amphin Mutineer
1 River Kelpie
1 Dauthi Voidwalker
1 Disciple of Bolas
1 Junji, the Midnight Sky
1 Lethal Scheme
1 Living Death
1 Lord of the Forsaken
1 Necromantic Selection
1 Necropolis Fiend
1 Noxious Gearhulk
1 Ob Nixilis, the Fallen
1 Tasigur, the Golden Fang
1 Woe Strider
1 Avenger of Zendikar
1 Conduit of Worlds
1 Multani, Yavimaya's Avatar
1 Shigeki, Jukai Visionary
1 Consuming Aberration
1 Jarad, Golgari Lich Lord
1 Lord of Extinction
1 Meren of Clan Nel Toth
1 Command Beacon
1 Crypt of Agadeem
1 Darkwater Catacombs
1 Dreamroot Cascade
1 Drownyard Temple
1 Exotic Orchard
1 Fetid Pools
1 Hinterland Harbor
1 Llanowar Wastes
1 Sunken Hollow
1 Temple of Malady
1 Woodland Cemetery
1 Essence Anchor
1 Arcane Signet
1 Sol Ring
1 Command Tower
1 Forbidden Alchemy
1 Hedron Crab
1 Treasure Cruise
1 Wonder
1 Phyrexian Reclamation
1 Reassembling Skeleton
1 Stitcher's Supplier
1 Victimize
1 Kishla Skimmer
1 Crawling Sensation
1 Cultivate
1 Farseek
1 Grapple with the Past
1 Harrow
1 Opulent Palace
1 Rampant Growth
1 Sakura-Tribe Elder
1 Satyr Wayfinder
1 Springbloom Druid
1 Tear Asunder
1 Timeless Witness
1 Grisly Salvage
1 Nyx Weaver
1 Putrefy
1 Skull Prophet
1 Millikin
1 Cephalid Coliseum
1 Contaminated Aquifer
1 Foreboding Landscape
1 Golgari Rot Farm
1 Haunted Mire
1 Memorial to Folly
1 Myriad Landscape
1 Terramorphic Expanse
2 Island
2 Island
3 Swamp
2 Swamp
3 Forest
3 Forest
"
Temur Roar (TDC),"Eshki, Temur's Roar","Eshki, Temur's Roar
1 Ureni of the Unwritten
1 Deceptive Frostkite
1 Hammerhead Tyrant
1 Will of the Temur
1 Parapet Thrasher
1 Thundermane Dragon
1 Zenith Festival
1 Become the Avalanche
1 Broodcaller Scourge
1 Keiga, the Tide Star
1 Reflections of Littjara
1 Atsushi, the Blazing Sky
1 Blasphemous Act
1 Chaos Warp
1 Dragonmaster Outcast
1 Gadrak, the Crown-Scourge
1 Glorybringer
1 Hellkite Courser
1 Lathliss, Dragon Queen
1 Leyline Tyrant
1 Nesting Dragon
1 Nogi, Draco-Zealot
1 Opportunistic Dragon
1 Scourge of the Throne
1 Skarrgan Hellkite
1 Spit Flame
1 Storm's Wrath
1 Stormbreath Dragon
1 Taurean Mauler
1 Territorial Hellkite
1 Thunderbreak Regent
1 Vengeful Ancestor
1 Verix Bladewing
1 Frontier Siege
1 Selvala's Stampede
1 Atarka, World Render
1 Dragonlord Atarka
1 Harbinger of the Hunt
1 Sarkhan, Soul Aflame
1 Temur Ascendancy
1 Dragon's Hoard
1 Steel Hellkite
1 Cinder Glade
1 Exotic Orchard
1 Flooded Grove
1 Haven of the Spirit Dragon
1 Hinterland Harbor
1 Karplusan Forest
1 Kessig Wolf Run
1 Mossfire Valley
1 Mosswort Bridge
1 Rockfall Vale
1 Rootbound Crag
1 Sheltered Thicket
1 Shivan Reef
1 Sulfur Falls
1 Temple of Abandon
1 Temple of Mystery
1 Yavimaya Coast
1 Dragon Tempest
1 Breaching Dragonstorm
1 Temple of the Dragon Queen
1 Arcane Signet
1 Sol Ring
1 Command Tower
1 Stormshriek Feral // Flush Out
1 Encroaching Dragonstorm
1 Draconic Lore
1 Rapid Hybridization
1 Reality Shift
1 Dragonlord's Servant
1 Rapacious Dragon
1 Whirlwing Stormbrood // Dynamic Soar
1 Beast Within
1 Elemental Bond
1 Farseek
1 Evolving Wilds
1 Frontier Bivouac
1 Kodama's Reach
1 Migration Path
1 Fellwar Stone
1 Talisman of Creativity
1 Talisman of Impulse
1 Bountiful Landscape
1 Path of Ancestry
2 Island
1 Island
3 Mountain
3 Mountain
3 Forest
2 Forest
"
Eternal Might (DRC),"Temmet, Naktamun's Will","Temmet, Naktamun's Will
1 Hashaton, Scarab's Fist
1 On Wings of Gold
1 Priest of the Crossing
1 Renewed Solidarity
1 Wizened Mentor
1 Prophet of the Scarab
1 Rhet-Tomb Mystic
1 Lost Monarch of Ifnir
1 Accursed Duneyard
1 Commence the Endgame
1 Cryptbreaker
1 Grave Titan
1 Gravecrawler
1 Midnight Reaper
1 Murderous Rider // Swift End
1 Zombie Master
1 Angel of Sanctions
1 Dusk // Dawn
1 God-Eternal Oketra
1 Timeless Dragon
1 Champion of Wits
1 Forgotten Creation
1 Pull from Tomorrow
1 Vizier of Many Faces
1 Archfiend of Ifnir
1 Cemetery Reaper
1 Crowded Crypt
1 Damn
1 Dread Summons
1 Dreadhorde Invasion
1 Liliana, Death's Majesty
1 Never // Return
1 Plague Belcher
1 Rot Hulk
1 The Scarab God
1 God-Pharaoh's Gift
1 Maskwood Nexus
1 Adarkar Wastes
1 Caves of Koilos
1 Drowned Catacomb
1 Exotic Orchard
1 Fetid Pools
1 Glacial Fortress
1 Irrigated Farmland
1 Isolated Chapel
1 Prairie Stream
1 Sunken Hollow
1 Temple of Deceit
1 Temple of Silence
1 Underground River
1 Unholy Grotto
1 Swords to Plowshares
1 Corpse Augur
1 Corpse Knight
1 Arcane Signet
1 Sol Ring
1 Command Tower
1 Path of Ancestry
1 Binding Mummy
1 Cast Out
1 Eternal Skylord
1 Fleshbag Marauder
1 Gempalm Polluter
1 Lord of the Accursed
1 Twisted Abomination
1 Undead Augur
1 Despark
1 Gleaming Overseer
1 Lazotep Chancellor
1 Wayward Servant
1 Bontu's Monument
1 Commander's Sphere
1 Dimir Signet
1 Gate to the Afterlife
1 Orzhov Signet
1 Talisman of Dominance
1 Talisman of Hierarchy
1 Arcane Sanctum
1 Ash Barrens
1 Desert of the Glorified
1 Desert of the Mindful
1 Desert of the True
1 Evolving Wilds
1 Orzhov Basilica
1 Terramorphic Expanse
5 Plains
4 Island
5 Swamp
"
Living Energy (DRC),"Saheeli, Radiant Creator","Saheeli, Radiant Creator
1 Pia Nalaar, Chief Mechanic
1 Territorial Aetherkite
1 Nissa, Worldsoul Speaker
1 Peema Trailblazer
1 Rampaging Aetherhood
1 Adaptive Omnitool
1 Aetherflux Conduit
1 Aetheric Amplifier
1 Stridehangar Automaton
1 Chain Reaction
1 Chaos Warp
1 Druid of Purification
1 Chromatic Lantern
1 Duplicant
1 Academy Ruins
1 Aethersquall Ancient
1 Aethertide Whale
1 Confiscation Coup
1 Disallow
1 Midnight Clock
1 One with the Machine
1 Sai, Master Thopterist
1 Thopter Spy Network
1 Blasphemous Act
1 Combustible Gearhulk
1 Lightning Runner
1 Pia and Kiran Nalaar
1 Aetherwind Basker
1 Architect of the Untamed
1 Bootleggers' Stash
1 Elder Gargaroth
1 Aetherworks Marvel
1 Conjurer's Closet
1 Cultivator's Caravan
1 Panharmonicon
1 Retrofitter Foundry
1 Solemn Simulacrum
1 Triplicate Titan
1 Exotic Orchard
1 Frostboil Snarl
1 Hinterland Harbor
1 Karplusan Forest
1 Overflowing Basin
1 Rootbound Crag
1 Sheltered Thicket
1 Shivan Reef
1 Spire of Industry
1 Sulfur Falls
1 Temple of Epiphany
1 Treasure Vault
1 Vineglimmer Snarl
1 Yavimaya Coast
1 Reality Shift
1 Arcane Signet
1 Lightning Greaves
1 Sol Ring
1 Command Tower
1 Arcane Denial
1 Bespoke Battlewagon
1 Era of Innovation
1 Glimmer of Genius
1 Whirler Rogue
1 Loyal Apprentice
1 Reckless Fireweaver
1 Attune with Aether
1 Explosive Vegetation
1 Peema Aether-Seer
1 Servant of the Conduit
1 Rogue Refiner
1 Saheeli, Sublime Artificer
1 Whirler Virtuoso
1 Commander's Sphere
1 Decoction Module
1 Ornithopter of Paradise
1 Solar Transformer
1 Soul-Guide Lantern
1 Talisman of Curiosity
1 Aether Hub
1 Evolving Wilds
1 Frontier Bivouac
1 Path of Ancestry
1 Slagwoods Bridge
1 Tanglepool Bridge
5 Island
5 Mountain
6 Forest
"
20 Ways to Win (SLD),Go-Shintai of Life's Origin,"Go-Shintai of Life's Origin
1 Alseid of Life's Bounty
1 Approach of the Second Sun
1 Arcane Signet
1 Augur of Autumn
1 Auriok Champion
1 Austere Command
1 Azorius Guildgate
1 Baldur's Gate
1 Biovisionary
1 Black Dragon Gate
1 Boros Guildgate
1 Bountiful Promenade
1 Brushland
1 Chromatic Lantern
1 Circuitous Route
1 Citadel Gate
1 Clever Concealment
1 Cliffgate
1 Command Tower
1 Crib Swap
1 Darksteel Citadel
1 Darksteel Mutation
1 Dimir Guildgate
1 Drown in Dreams
1 Dryad of the Ilysian Grove
1 Eerie Ultimatum
1 Exotic Orchard
1 Faeburrow Elder
1 Felidar Sovereign
1 Fertile Ground
1 Forbidden Orchard
1 Forest
1 Forgotten Ancient
1 Gateway Plaza
1 Ghostly Prison
1 Ghoulish Impetus
1 Golgari Guildgate
1 Gond Gate
1 Gruul Guildgate
1 Halo Fountain
1 Hangarback Walker
1 Happily Ever After
1 Heap Gate
1 Heliod's Intervention
1 Heliod, Sun-Crowned
1 Helix Pinnacle
1 Hellkite Tyrant
1 Homeward Path
1 Izzet Guildgate
1 Kynaios and Tiro of Meletis
1 Lightning Greaves
1 Lignify
1 Liliana's Contract
1 Mangara, the Diplomat
1 Manor Gate
1 Maskwood Nexus
1 Mayael's Aria
1 Maze's End
1 Mechanized Production
1 Monologue Tax
1 Morbid Opportunist
1 Mystic Remora
1 Orzhov Guildgate
1 Overgrown Farmland
1 Pariah
1 Path of Ancestry
1 Plains
1 Plaza of Harmony
1 Rakdos Guildgate
1 Razorverge Thicket
1 Reflecting Pool
1 Revel in Riches
1 Rite of Replication
1 Sanctum Weaver
1 Sea Gate
1 Seedborn Muse
1 Selesnya Guildgate
1 Shalai, Voice of Plenty
1 Shiny Impetus
1 Simic Ascendancy
1 Simic Guildgate
1 Sol Ring
1 Soul's Attendant
1 Sphinx's Revelation
1 Sun Titan
1 Sunscorch Regent
1 Supreme Verdict
1 Taurean Mauler
1 Test of Endurance
1 The Eternal Wanderer
1 The World Tree
1 Thornglint Bridge
1 Tireless Tracker
1 Trace of Abundance
1 Tragic Arrogance
1 Triskaidekaphile
1 Twenty-Toed Toad
1 Wooded Bastion
1 Yahenni, Undying Partisan
"
Death Toll (DSC),"Winter, Cynical Opportunist","Winter, Cynical Opportunist
1 Rendmaw, Creaking Nest
1 Deluge of Doom
1 Demonic Covenant
1 Into the Pit
1 Polluted Cistern // Dim Oubliette
1 Demolisher Spawn
1 Formless Genesis
1 Ursine Monstrosity
1 Convert to Slime
1 Moldgraf Monstrosity
1 Culling Ritual
1 Cemetery Tampering
1 Noxious Gearhulk
1 Ob Nixilis Reignited
1 Professor Onyx
1 Reanimate
1 Whip of Erebos
1 Arachnogenesis
1 Deathcap Cultivator
1 Giant Adephage
1 Hornet Queen
1 Inscription of Abundance
1 Ishkanah, Grafwidow
1 Scavenging Ooze
1 Titania, Nature's Force
1 Wrenn and Seven
1 Deadbridge Chant
1 Grim Flayer
1 Grist, the Hunger Tide
1 Old Stickfingers
1 Solemn Simulacrum
1 Dryad Arbor
1 Exotic Orchard
1 Grim Backwoods
1 Llanowar Wastes
1 Necroblossom Snarl
1 Temple of Malady
1 Twilight Mire
1 Viridescent Bog
1 Woodland Cemetery
1 Vile Mutilator
1 Terramorphic Expanse
1 Night's Whisper
1 Grapple with the Past
1 Deathreap Ritual
1 Putrefy
1 Arcane Signet
1 Sol Ring
1 Suspicious Bookcase
1 Command Tower
1 Carrion Grub
1 Stitcher's Supplier
1 Crawling Sensation
1 Gnarlwood Dryad
1 Harmonize
1 Harrow
1 Moldgraf Millipede
1 Mulch
1 Obsessive Skinner
1 Rampant Growth
1 Sakura-Tribe Elder
1 Skola Grovedancer
1 Binding the Old Gods
1 Grisly Salvage
1 Nyx Weaver
1 Burnished Hart
1 Commander's Sphere
1 Golgari Signet
1 Haywire Mite
1 Mind Stone
1 Talisman of Resilience
1 Whispersilk Cloak
1 Ash Barrens
1 Barren Moor
1 Bojuka Bog
1 Darkmoss Bridge
1 Evolving Wilds
1 Golgari Rot Farm
1 Jungle Hollow
1 Reliquary Tower
1 Tainted Wood
1 Temple of the False God
1 Tranquil Thicket
1 Tree of Tales
1 Vault of Whispers
4 Swamp
3 Swamp
4 Forest
3 Forest
"
Endless Punishment (DSC),"Valgavoth, Harrower of Souls","Valgavoth, Harrower of Souls
1 The Lord of Pain
1 Persistent Constrictor
1 Sadistic Shell Game
1 Suspended Sentence
1 Barbflare Gremlin
1 Gleeful Arsonist
1 Spiked Corridor // Torture Pit
1 Star Athlete
1 SÃ©ance Board
1 Bedevil
1 Mogis, God of Slaughter
1 Braids, Arisen Nightmare
1 Decree of Pain
1 Fate Unraveler
1 Kederekt Parasite
1 Mask of Griselbrand
1 Massacre Girl
1 Massacre Wurm
1 Nightshade Harvester
1 Blasphemous Act
1 Brash Taunter
1 Chaos Warp
1 Combustible Gearhulk
1 Enchanter's Bane
1 Harsh Mentor
1 Rampaging Ferocidon
1 Tectonic Giant
1 Florian, Voldaren Scion
1 Kaervek the Merciless
1 Rakdos, Lord of Riots
1 Spiteful Visions
1 Stormfist Crusader
1 Theater of Horrors
1 Vial Smasher the Fierce
1 Basilisk Collar
1 Solemn Simulacrum
1 Blackcleave Cliffs
1 Canyon Slough
1 Dragonskull Summit
1 Exotic Orchard
1 Foreboding Ruins
1 Graven Cairns
1 Shadowblood Ridge
1 Shivan Gorge
1 Smoldering Marsh
1 Spinerock Knoll
1 Sulfurous Springs
1 Temple of Malice
1 Witch's Clinic
1 Fear of Burning Alive
1 Grab the Prize
1 Terramorphic Expanse
1 Blood Pact
1 Blood Seeker
1 Feed the Swarm
1 Arcane Signet
1 Lightning Greaves
1 Sol Ring
1 Command Tower
1 Bastion of Remembrance
1 Blood Artist
1 Falkenrath Noble
1 Gray Merchant of Asphodel
1 Infernal Grasp
1 Morbid Opportunist
1 Sign in Blood
1 Syr Konrad, the Grim
1 Light Up the Stage
1 Kardur, Doomscourge
1 Mayhem Devil
1 Rakdos Charm
1 Fellwar Stone
1 Mind Stone
1 Rakdos Signet
1 Talisman of Indulgence
1 Thought Vessel
1 Ash Barrens
1 Bloodfell Caves
1 Evolving Wilds
1 Geothermal Bog
1 Leechridden Swamp
1 Tainted Peak
1 Temple of the False God
4 Swamp
4 Swamp
4 Mountain
4 Mountain
"
Jump Scare! (DSC),"Zimone, Mystery Unraveler","Zimone, Mystery Unraveler
1 Kianne, Corrupted Memory
1 Glitch Interpreter
1 They Came from the Pipes
1 Zimone's Hypothesis
1 Curator Beastie
1 Disorienting Choice
1 Experimental Lab // Staff Room
1 Shriekwood Devourer
1 Giggling Skitterspike
1 Cackling Counterpart
1 Citanul Hierophants
1 Aether Gale
1 Body of Knowledge
1 Dig Through Time
1 Kefnet the Mindful
1 Kheru Spellsnatcher
1 Primordial Mist
1 Skaab Ruinator
1 Ashaya, Soul of the Wild
1 Augur of Autumn
1 Deathmist Raptor
1 Ezuri's Predation
1 Hydra Omnivore
1 Multani, Yavimaya's Avatar
1 Overwhelming Stampede
1 Sandwurm Convergence
1 Scute Swarm
1 Shigeki, Jukai Visionary
1 Temur War Shaman
1 Thunderfoot Baloth
1 Trail of Mystery
1 Whisperwood Elemental
1 Worldspine Wurm
1 Aesi, Tyrant of Gyre Strait
1 Arixmethes, Slumbering Isle
1 Biomass Mutation
1 Oversimplify
1 Rashmi, Eternities Crafter
1 Scroll of Fate
1 Castle Vantress
1 Drownyard Temple
1 Flooded Grove
1 Hinterland Harbor
1 Mosswort Bridge
1 Overflowing Basin
1 Temple of Mystery
1 Vineglimmer Snarl
1 Yavimaya Coast
1 Overgrown Zealot
1 Growing Dread
1 Terramorphic Expanse
1 Beast Within
1 Growth Spiral
1 Arcane Signet
1 Sol Ring
1 Command Tower
1 Counterspell
1 Reality Shift
1 Retreat to Coralhelm
1 Beanstalk Giant // Fertile Footsteps
1 Cultivate
1 Explosive Vegetation
1 Greater Tanuki
1 Rampant Growth
1 Sakura-Tribe Elder
1 Wilderness Reclamation
1 Yavimaya Elder
1 Yedora, Grave Gardener
1 Eureka Moment
1 Tatyova, Benthic Druid
1 Trygon Predator
1 Simic Signet
1 Ash Barrens
1 Evolving Wilds
1 Myriad Landscape
1 Quandrix Campus
1 Reliquary Tower
1 Simic Growth Chamber
1 Tangled Islet
1 Temple of the False God
1 Thornwood Falls
5 Island
4 Island
5 Forest
4 Forest
"
Miracle Worker (DSC),"Aminatou, Veil Piercer","Aminatou, Veil Piercer
1 The Master of Keys
1 Redress Fate
1 Secret Arcade // Dusty Parlor
1 Soaring Lightbringer
1 Fear of Sleep Paralysis
1 Ancient Cellarspawn
1 Cramped Vents // Access Maze
1 Metamorphosis Fanatic
1 Phenomenon Investigators
1 Mesa Enchantress
1 Terminus
1 Aminatou's Augury
1 Utter End
1 Entreat the Angels
1 Monologue Tax
1 Ondu Spiritdancer
1 Sigil of the Empty Throne
1 Starfield Mystic
1 Timely Ward
1 Verge Rangers
1 Dream Eater
1 Extravagant Replication
1 Mirrormade
1 One with the Multiverse
1 Prognostic Sphinx
1 Shark Typhoon
1 Arvinox, the Mind Flail
1 Demon of Fate's Design
1 Doomwake Giant
1 Nightmare Shepherd
1 Athreos, Shroud-Veiled
1 Inkshield
1 Life Insurance
1 Spirit-Sister's Call
1 Time Wipe
1 Solemn Simulacrum
1 Adarkar Wastes
1 Caves of Koilos
1 Hall of Heliod's Generosity
1 Temple of Deceit
1 Temple of Enlightenment
1 Temple of Silence
1 Underground River
1 Bottomless Pool // Locker Room
1 Terramorphic Expanse
1 Auramancer
1 Swords to Plowshares
1 Moon-Blessed Cleric
1 Ponder
1 Portent
1 Telling Time
1 Diabolic Vision
1 Arcane Signet
1 Sol Ring
1 Command Tower
1 Cast Out
1 Return to Dust
1 Sphere of Safety
1 Arcane Denial
1 Archetype of Imagination
1 Brainstorm
1 Otherworldly Gaze
1 Thirst for Meaning
1 The Eldest Reborn
1 Read the Bones
1 Azorius Signet
1 Brainstone
1 Burnished Hart
1 Commander's Sphere
1 Mind Stone
1 Orzhov Signet
1 Arcane Sanctum
1 Ash Barrens
1 Azorius Chancery
1 Bojuka Bog
1 Dimir Aqueduct
1 Evolving Wilds
1 Halimar Depths
1 Obscura Storefront
1 Orzhov Basilica
1 Tainted Field
1 Tainted Isle
1 Thriving Heath
1 Thriving Isle
1 Thriving Moor
3 Plains
2 Plains
2 Island
2 Island
3 Swamp
2 Swamp
"
Animated Army (BLC),"Bello, Bard of the Brambles","Bello, Bard of the Brambles
1 Wildsear, Scouring Maw
1 Domri, Anarch of Bolas
1 Etali, Primal Storm
1 Prosperous Bandit
1 Pyreswipe Hawk
1 Alchemist's Talent
1 Berserkers' Onslaught
1 Outpost Siege
1 Rain of Riches
1 Chaos Warp
1 Sunbird's Invocation
1 Gratuitous Violence
1 Warstorm Surge
1 Starstorm
1 Lotus Cobra
1 Evercoat Ursine
1 Brightcap Badger // Fungus Frolic
1 Trailtracker Scout
1 Thickest in the Thicket
1 Ghalta, Primal Hunger
1 Esika's Chariot
1 Unnatural Growth
1 Greater Good
1 Kodama of the East Tree
1 Grothama, All-Devouring
1 Rampaging Baloths
1 Bootleggers' Stash
1 Primeval Bounty
1 Gilded Lotus
1 Spine of Ish Sah
1 Temple of Abandon
1 Karplusan Forest
1 Exotic Orchard
1 Sheltered Thicket
1 Game Trail
1 Raging Ravine
1 Copperline Gorge
1 Mossfire Valley
1 Cinder Glade
1 Rootbound Crag
1 Mosswort Bridge
1 Blasphemous Act
1 Llanowar Loamspeaker
1 Tendershoot Dryad
1 Goreclaw, Terror of Qal Sisma
1 Path of Discovery
1 Decimate
1 Rolling Hamsphere
1 Teapot Slinger
1 Explore
1 Farseek
1 Cultivate
1 Grumgully, the Generous
1 Wandertale Mentor
1 Thought Vessel
1 Arcane Signet
1 Wooded Ridgeline
1 Big Score
1 Abrade
1 Rampant Growth
1 Sakura-Tribe Elder
1 Beast Within
1 Garruk's Packleader
1 Harmonize
1 Garruk's Uprising
1 Gruul Signet
1 Burnished Hart
1 Hedron Archive
1 Fellwar Stone
1 Thran Dynamo
1 Sol Ring
1 Mind Stone
1 Talisman of Impulse
1 Terramorphic Expanse
1 Path of Ancestry
1 Gruul Turf
1 Evolving Wilds
1 Forgotten Cave
1 Tranquil Thicket
1 Command Tower
1 Reliquary Tower
4 Mountain
4 Mountain
5 Forest
5 Forest
"
Family Matters (BLC),"Zinnia, Valley's Voice","Zinnia, Valley's Voice
1 Arthur, Marigold Knight
1 Elspeth, Sun's Champion
1 Jazal Goldmane
1 Martial Coup
1 Storm of Souls
1 Selfless Spirit
1 Murmuration
1 Blade Splicer
1 Hanged Executioner
1 Loyal Warhound
1 Restoration Angel
1 Jacked Rabbit
1 Skyclave Apparition
1 Dusk // Dawn
1 Boss's Chauffeur
1 Angel of the Ruins
1 Luminous Broodmoth
1 Sun Titan
1 Pollywog Prodigy
1 Fortune Teller's Talent
1 Aether Channeler
1 Pull from Tomorrow
1 Shield Broker
1 Stolen by the Fae
1 Rapid Augmenter
1 Bident of Thassa
1 Curiosity Crafter
1 Devilish Valet
1 Siege-Gang Commander
1 Echoing Assault
1 Agate Instigator
1 Calamity of Cinders
1 Rose Room Treasurer
1 Combat Celebrant
1 Inferno Titan
1 Time Wipe
1 Solemn Simulacrum
1 Helm of the Host
1 Glacial Fortress
1 Adarkar Wastes
1 Temple of Enlightenment
1 Castle Ardenvale
1 Seachrome Coast
1 Sulfur Falls
1 Cascade Bluffs
1 Exotic Orchard
1 Clifftop Retreat
1 Shivan Reef
1 Temple of Triumph
1 Battlefield Forge
1 Skycloud Expanse
1 Temple of Epiphany
1 Ferrous Lake
1 Rugged Prairie
1 Sunscorched Divide
1 Spirited Companion
1 Inspiring Overseer
1 Cut a Deal
1 Path to Exile
1 Illusory Ambusher
1 Rowdy Research
1 Plumecreed Escort
1 Rapid Hybridization
1 Junk Winder
1 Aetherize
1 Chart a Course
1 Tetsuko Umezawa, Fugitive
1 Thopter Engineer
1 Cloudblazer
1 Arcane Signet
1 Boros Signet
1 Ornithopter of Paradise
1 Azorius Signet
1 Izzet Signet
1 Circuit Mender
1 Fellwar Stone
1 Sol Ring
1 Mind Stone
1 Terramorphic Expanse
1 Path of Ancestry
1 Thriving Heath
1 Evolving Wilds
1 Thriving Isle
1 Thriving Bluff
1 Command Tower
1 Mystic Monastery
3 Plains
2 Plains
2 Island
2 Island
2 Mountain
2 Mountain
"
Peace Offering (BLC),Ms. Bumbleflower,"Ms. Bumbleflower
1 Mr. Foxglove
1 Tamiyo, Field Researcher
1 Tenuous Truce
1 Loran of the Third Path
1 Steelburr Champion
1 Tempt with Bunnies
1 Perch Protection
1 Sunscorch Regent
1 Promise of Loyalty
1 Hoofprints of the Stag
1 Mangara, the Diplomat
1 Realm-Cloaked Giant // Cast Off
1 Sphinx of Enlightenment
1 Forgotten Ancient
1 Bloodroot Apothecary
1 Communal Brewing
1 Managorger Hydra
1 Rishkar, Peema Renegade
1 Rites of Flourishing
1 Tempt with Discovery
1 Kalonian Hydra
1 Faeburrow Elder
1 Exotic Orchard
1 Simic Ascendancy
1 Ghirapur Orrery
1 Psychosis Crawler
1 Adarkar Wastes
1 Temple of Enlightenment
1 Seachrome Coast
1 Glacial Fortress
1 Hinterland Harbor
1 Razorverge Thicket
1 Flooded Grove
1 Skycloud Expanse
1 Canopy Vista
1 Prairie Stream
1 Brushland
1 Temple of Mystery
1 Yavimaya Coast
1 Overflowing Basin
1 Sungrass Prairie
1 Sunpetal Grove
1 Triskaidekaphile
1 Octomancer
1 Twenty-Toed Toad
1 Intellectual Offering
1 Illusionist's Gambit
1 Body of Knowledge
1 Chasm Skulker
1 Perplexing Test
1 Jolrael, Mwonvuli Recluse
1 Fisher's Talent
1 Selvala, Explorer Returned
1 Kwain, Itinerant Meddler
1 Coveted Jewel
1 Temple of Plenty
1 Generous Gift
1 Swords to Plowshares
1 Secret Rendezvous
1 Baird, Steward of Argive
1 An Offer You Can't Refuse
1 Wizard Class
1 Cultivate
1 Farseek
1 Broken Wings
1 Spore Frog
1 Wear Down
1 Peerless Recycling
1 Coiling Oracle
1 Riot Control
1 Martial Impetus
1 Jolly Gerbils
1 Long River's Pull
1 Thought Vessel
1 Arcane Signet
1 Swiftfoot Boots
1 Fellwar Stone
1 Sol Ring
1 Mind Stone
1 Thriving Heath
1 Thriving Isle
1 Thriving Grove
1 Terramorphic Expanse
1 Command Tower
1 Evolving Wilds
1 Reliquary Tower
1 Seaside Citadel
2 Plains
2 Plains
2 Island
2 Island
2 Forest
2 Forest
"
Squirreled Away (BLC),Hazel of the Rootbloom,"Hazel of the Rootbloom
1 The Odd Acorn Gang
1 Garruk, Cursed Huntsman
1 Chittering Witch
1 Insatiable Frugivore
1 Moonstone Eulogist
1 Swarmyard Massacre
1 Hazel's Brewmaster
1 Woe Strider
1 Saw in Half
1 Ogre Slumlord
1 Decree of Pain
1 Gourmand's Talent
1 Rootcast Apprenticeship
1 Scurry of Squirrels
1 End-Raze Forerunners
1 Arasta of the Endless Web
1 Deep Forest Hermit
1 Toski, Bearer of Secrets
1 Beastmaster Ascension
1 Second Harvest
1 Shamanic Revelation
1 Chatterfang, Squirrel General
1 Temple of Malady
1 Casualties of War
1 Windgrace's Judgment
1 Maskwood Nexus
1 Academy Manufactor
1 Woodland Cemetery
1 Necroblossom Snarl
1 Oran-Rief, the Vastwood
1 Swarmyard
1 Exotic Orchard
1 Llanowar Wastes
1 Grim Backwoods
1 Viridescent Bog
1 Twilight Mire
1 Gilded Goose
1 Chitterspitter
1 Maelstrom Pulse
1 Beledros Witherbloom
1 Idol of Oblivion
1 Sword of the Squeak
1 Morbid Opportunist
1 Nadier's Nightblade
1 Plumb the Forbidden
1 Bastion of Remembrance
1 Plaguecrafter
1 Cache Grab
1 Chatterstorm
1 Poison-Tip Archer
1 Moldervine Reclamation
1 Ravenous Squirrel
1 Skyfisher Spider
1 Binding the Old Gods
1 Golgari Rot Farm
1 Jungle Hollow
1 Haunted Mire
1 Nested Shambler
1 Deadly Dispute
1 Zulaport Cutthroat
1 Squirrel Sovereign
1 Prosperous Innkeeper
1 Haywire Mite
1 Tireless Provisioner
1 Squirrel Nest
1 Honored Dreyleader
1 Tear Asunder
1 Wolfwillow Haven
1 Putrefy
1 Arcane Signet
1 Golgari Signet
1 Talisman of Resilience
1 Sol Ring
1 Skullclamp
1 Terramorphic Expanse
1 Path of Ancestry
1 Evolving Wilds
1 Command Tower
1 Tranquil Thicket
1 Bojuka Bog
1 Tainted Wood
1 Barren Moor
4 Swamp
4 Swamp
5 Forest
4 Forest
"
Creative Energy (M3C),"Satya, Aetherflux Genius","Satya, Aetherflux Genius
1 Cayth, Famed Mechanist
1 Sphinx of the Revelation
1 Filigree Racer
1 Localized Destruction
1 Aether Refinery
1 Hourglass of the Lost
1 Salvation Colossus
1 Blaster Hulk
1 Razorfield Ripper
1 Silverquill Lecturer
1 Overclocked Electromancer
1 Stone Idol Generator
1 Aurora Shifter
1 Conversion Apparatus
1 Gonti's Aether Heart
1 Lightning Runner
1 Aethertide Whale
1 Aethergeode Miner
1 Aethersphere Harvester
1 Bident of Thassa
1 Temple of Enlightenment
1 Battlefield Forge
1 Myr Battlesphere
1 Grenzo, Havoc Raiser
1 Brudiclad, Telchor Engineer
1 Coveted Jewel
1 Goldspan Dragon
1 Legion Loyalty
1 Mystic Gate
1 Akroma's Will
1 Adarkar Wastes
1 Shivan Reef
1 Coalition Relic
1 Combustible Gearhulk
1 Aetherworks Marvel
1 Angel of Invention
1 Confiscation Coup
1 Aetherstorm Roc
1 Aethersquall Ancient
1 Frostboil Snarl
1 Austere Command
1 Furycalm Snarl
1 Midnight Clock
1 Professional Face-Breaker
1 Farewell
1 Port Town
1 Temple of Triumph
1 Solemn Simulacrum
1 Temple of Epiphany
1 Prairie Stream
1 Skyclave Apparition
1 Castle Vantress
1 Jolted Awake
1 Bespoke Battlewagon
1 Roil Cartographer
1 Unstable Amulet
1 Amped Raptor
1 Solar Transformer
1 Scurry of Gremlins
1 Izzet Generatorium
1 Talisman of Conviction
1 Tezzeret's Gambit
1 Izzet Boilerworks
1 Azorius Chancery
1 Talisman of Progress
1 Command Tower
1 Burnished Hart
1 Arcane Signet
1 Sol Ring
1 Era of Innovation
1 Aether Hub
1 Decoction Module
1 Glimmer of Genius
1 Whirler Virtuoso
1 Talisman of Creativity
1 Swords to Plowshares
1 Wayfarer's Bauble
1 Demolition Field
1 Mystic Monastery
5 Plains
5 Plains
3 Island
2 Island
3 Mountain
2 Mountain
"
Creative Energy Collector's Edition (M3C),"Satya, Aetherflux Genius","Satya, Aetherflux Genius
1 Cayth, Famed Mechanist
1 Sphinx of the Revelation
1 Filigree Racer
1 Localized Destruction
1 Aether Refinery
1 Hourglass of the Lost
1 Salvation Colossus
1 Blaster Hulk
1 Razorfield Ripper
1 Silverquill Lecturer
1 Overclocked Electromancer
1 Stone Idol Generator
1 Aurora Shifter
1 Conversion Apparatus
1 Gonti's Aether Heart
1 Lightning Runner
1 Aethertide Whale
1 Aethergeode Miner
1 Aethersphere Harvester
1 Bident of Thassa
1 Temple of Enlightenment
1 Battlefield Forge
1 Myr Battlesphere
1 Grenzo, Havoc Raiser
1 Brudiclad, Telchor Engineer
1 Coveted Jewel
1 Goldspan Dragon
1 Legion Loyalty
1 Mystic Gate
1 Akroma's Will
1 Adarkar Wastes
1 Shivan Reef
1 Coalition Relic
1 Combustible Gearhulk
1 Aetherworks Marvel
1 Angel of Invention
1 Confiscation Coup
1 Aetherstorm Roc
1 Aethersquall Ancient
1 Frostboil Snarl
1 Austere Command
1 Furycalm Snarl
1 Midnight Clock
1 Professional Face-Breaker
1 Farewell
1 Port Town
1 Temple of Triumph
1 Solemn Simulacrum
1 Temple of Epiphany
1 Prairie Stream
1 Skyclave Apparition
1 Castle Vantress
1 Jolted Awake
1 Bespoke Battlewagon
1 Roil Cartographer
1 Unstable Amulet
1 Amped Raptor
1 Solar Transformer
1 Scurry of Gremlins
1 Izzet Generatorium
1 Talisman of Conviction
1 Tezzeret's Gambit
1 Izzet Boilerworks
1 Azorius Chancery
1 Talisman of Progress
1 Command Tower
1 Burnished Hart
1 Arcane Signet
1 Sol Ring
1 Era of Innovation
1 Aether Hub
1 Decoction Module
1 Glimmer of Genius
1 Whirler Virtuoso
1 Talisman of Creativity
1 Swords to Plowshares
1 Wayfarer's Bauble
1 Demolition Field
1 Mystic Monastery
5 Plains
5 Plains
3 Island
2 Island
3 Mountain
2 Mountain
"
Eldrazi Incursion (M3C),"Ulalek, Fused Atrocity","Ulalek, Fused Atrocity
1 Azlask, the Swelling Scourge
1 Ulamog's Dreadsire
1 Benthic Anomaly
1 Eldritch Immunity
1 Selective Obliteration
1 Angelic Aberration
1 Bismuth Mindrender
1 Hideous Taskmaster
1 Twins of Discord
1 Mutated Cultist
1 Eldrazi Confluence
1 Spawnbed Protector
1 Chittering Dispatcher
1 Inversion Behemoth
1 Ugin, the Ineffable
1 Eldrazi Conscription
1 Cascading Cataracts
1 Eldrazi Monument
1 Sire of Stagnation
1 Shrine of the Forsaken Gods
1 Ugin's Insight
1 Drowner of Hope
1 Return of the Wildspeaker
1 Tendo Ice Bridge
1 Battlefield Forge
1 Llanowar Wastes
1 Brushland
1 Underground River
1 Oblivion Sower
1 Adarkar Wastes
1 Karplusan Forest
1 Yavimaya Coast
1 Sulfurous Springs
1 Caves of Koilos
1 Shivan Reef
1 Imprisoned in the Moon
1 Temple of Malady
1 Temple of Silence
1 Morophon, the Boundless
1 Kozilek's Return
1 World Breaker
1 Ruins of Oran-Rief
1 Sifter of Skulls
1 Endbringer
1 Corrupted Crossroads
1 Deepfathom Skulker
1 Vile Redeemer
1 Eldrazi Displacer
1 Mystic Forge
1 All Is Dust
1 Rishkar's Expertise
1 Awakening Zone
1 Eldrazi Temple
1 Elder Deep-Fiend
1 Bonders' Enclave
1 Exotic Orchard
1 Forsaken Monument
1 Snapping Voidcraw
1 Herald's Horn
1 Everflowing Chalice
1 Glaring Fleshraker
1 Wastescape Battlemage
1 Crib Swap
1 Titans' Vanguard
1 Talisman of Resilience
1 Hedron Archive
1 Spawning Bed
1 Ulamog's Nullifier
1 Twisted Landscape
1 Tranquil Landscape
1 Tectonic Edge
1 Reliquary Tower
1 Sol Ring
1 Artisan of Kozilek
1 Opal Palace
1 Dreamstone Hedron
1 Arcane Signet
1 Tomb of the Spirit Dragon
1 Secluded Courtyard
1 Idol of Oblivion
1 Wastes
1 Talisman of Curiosity
1 Talisman of Impulse
1 Warping Wail
1 Talisman of Dominance
1 Command Tower
1 Ash Barrens
1 Ancient Stirrings
1 Ulamog's Crusher
1 Garruk's Uprising
1 Suffer the Past
1 Skittering Invasion
1 Path of Ancestry
1 Unclaimed Territory
1 Plains
1 Island
1 Swamp
1 Mountain
1 Forest
"
Eldrazi Incursion Collector's Edition (M3C),"Ulalek, Fused Atrocity","Ulalek, Fused Atrocity
1 Azlask, the Swelling Scourge
1 Ulamog's Dreadsire
1 Benthic Anomaly
1 Eldritch Immunity
1 Selective Obliteration
1 Angelic Aberration
1 Bismuth Mindrender
1 Hideous Taskmaster
1 Twins of Discord
1 Mutated Cultist
1 Eldrazi Confluence
1 Spawnbed Protector
1 Chittering Dispatcher
1 Inversion Behemoth
1 Ugin, the Ineffable
1 Eldrazi Conscription
1 Cascading Cataracts
1 Eldrazi Monument
1 Sire of Stagnation
1 Shrine of the Forsaken Gods
1 Ugin's Insight
1 Drowner of Hope
1 Return of the Wildspeaker
1 Tendo Ice Bridge
1 Battlefield Forge
1 Llanowar Wastes
1 Brushland
1 Underground River
1 Oblivion Sower
1 Adarkar Wastes
1 Karplusan Forest
1 Yavimaya Coast
1 Sulfurous Springs
1 Caves of Koilos
1 Shivan Reef
1 Imprisoned in the Moon
1 Temple of Malady
1 Temple of Silence
1 Morophon, the Boundless
1 Kozilek's Return
1 World Breaker
1 Ruins of Oran-Rief
1 Sifter of Skulls
1 Endbringer
1 Corrupted Crossroads
1 Deepfathom Skulker
1 Vile Redeemer
1 Eldrazi Displacer
1 Mystic Forge
1 All Is Dust
1 Rishkar's Expertise
1 Awakening Zone
1 Eldrazi Temple
1 Elder Deep-Fiend
1 Bonders' Enclave
1 Exotic Orchard
1 Forsaken Monument
1 Snapping Voidcraw
1 Herald's Horn
1 Everflowing Chalice
1 Glaring Fleshraker
1 Wastescape Battlemage
1 Crib Swap
1 Titans' Vanguard
1 Talisman of Resilience
1 Hedron Archive
1 Spawning Bed
1 Ulamog's Nullifier
1 Twisted Landscape
1 Tranquil Landscape
1 Tectonic Edge
1 Reliquary Tower
1 Sol Ring
1 Artisan of Kozilek
1 Opal Palace
1 Dreamstone Hedron
1 Arcane Signet
1 Tomb of the Spirit Dragon
1 Secluded Courtyard
1 Idol of Oblivion
1 Wastes
1 Talisman of Curiosity
1 Talisman of Impulse
1 Warping Wail
1 Talisman of Dominance
1 Command Tower
1 Ash Barrens
1 Ancient Stirrings
1 Ulamog's Crusher
1 Garruk's Uprising
1 Suffer the Past
1 Skittering Invasion
1 Path of Ancestry
1 Unclaimed Territory
1 Plains
1 Island
1 Swamp
1 Mountain
1 Forest
"
Graveyard Overdrive (M3C),Disa the Restless,"Disa the Restless
1 Coram, the Undertaker
1 Bloodbraid Challenger
1 Broodmate Tyrant
1 Tempt with Mayhem
1 Gluttonous Hellkite
1 Pyrogoyf
1 Polygoyf
1 Barrowgoyf
1 Sawhorn Nemesis
1 Infested Thrinax
1 Final Act
1 Siege-Gang Lieutenant
1 Tarmogoyf Nest
1 Exterminator Magmarch
1 Liliana, Death's Majesty
1 Maelstrom Pulse
1 Junji, the Midnight Sky
1 Garruk, Apex Predator
1 The Reaver Cleaver
1 Temple of Malady
1 Deadbridge Chant
1 Kolaghan's Command
1 Izoni, Thousand-Eyed
1 Lhurgoyf
1 Selvala, Heart of the Wilds
1 Kessig Wolf Run
1 Archon of Cruelty
1 Maskwood Nexus
1 Grist, the Hunger Tide
1 Ignoble Hierarch
1 Necrogoyf
1 Mortivore
1 Chandra's Ignition
1 Viridescent Bog
1 Find // Finality
1 Mossfire Valley
1 Ziatora, the Incinerator
1 Canyon Slough
1 Cinder Glade
1 Exotic Orchard
1 Shadowblood Ridge
1 Sheltered Thicket
1 Smoldering Marsh
1 Temple of Abandon
1 Temple of Malice
1 Raging Ravine
1 Terminate
1 Demolition Field
1 Command Tower
1 Twisted Landscape
1 Grisly Salvage
1 Yavimaya Elder
1 Bituminous Blast
1 Bloodbraid Elf
1 Eternal Witness
1 Savage Lands
1 Tainted Wood
1 Burnished Hart
1 Deathreap Ritual
1 Arcane Signet
1 Syr Konrad, the Grim
1 Grapple with the Past
1 Dakmor Salvage
1 Accursed Marauder
1 Brawn
1 Faithless Looting
1 Rampant Growth
1 Anger
1 Tranquil Thicket
1 Stitcher's Supplier
1 Graveshifter
1 Talisman of Resilience
1 Altar of the Goyf
1 Syphon Mind
1 Talisman of Indulgence
1 Sakura-Tribe Elder
1 Terramorphic Expanse
1 Tainted Peak
1 Riveteers Overlook
1 Riveteers Charm
1 Forgotten Cave
1 Path of Ancestry
1 Lightning Greaves
1 Myriad Landscape
1 Sol Ring
1 Talisman of Impulse
1 Evolving Wilds
2 Swamp
2 Swamp
2 Mountain
1 Mountain
3 Forest
2 Forest
"
Graveyard Overdrive Collector's Edition (M3C),Disa the Restless,"Disa the Restless
1 Coram, the Undertaker
1 Bloodbraid Challenger
1 Broodmate Tyrant
1 Tempt with Mayhem
1 Gluttonous Hellkite
1 Pyrogoyf
1 Polygoyf
1 Barrowgoyf
1 Sawhorn Nemesis
1 Infested Thrinax
1 Final Act
1 Siege-Gang Lieutenant
1 Tarmogoyf Nest
1 Exterminator Magmarch
1 Liliana, Death's Majesty
1 Maelstrom Pulse
1 Junji, the Midnight Sky
1 Garruk, Apex Predator
1 The Reaver Cleaver
1 Temple of Malady
1 Deadbridge Chant
1 Kolaghan's Command
1 Izoni, Thousand-Eyed
1 Lhurgoyf
1 Selvala, Heart of the Wilds
1 Kessig Wolf Run
1 Archon of Cruelty
1 Maskwood Nexus
1 Grist, the Hunger Tide
1 Ignoble Hierarch
1 Necrogoyf
1 Mortivore
1 Chandra's Ignition
1 Viridescent Bog
1 Find // Finality
1 Mossfire Valley
1 Ziatora, the Incinerator
1 Canyon Slough
1 Cinder Glade
1 Exotic Orchard
1 Shadowblood Ridge
1 Sheltered Thicket
1 Smoldering Marsh
1 Temple of Abandon
1 Temple of Malice
1 Raging Ravine
1 Terminate
1 Demolition Field
1 Command Tower
1 Twisted Landscape
1 Grisly Salvage
1 Yavimaya Elder
1 Bituminous Blast
1 Bloodbraid Elf
1 Eternal Witness
1 Savage Lands
1 Tainted Wood
1 Burnished Hart
1 Deathreap Ritual
1 Arcane Signet
1 Syr Konrad, the Grim
1 Grapple with the Past
1 Dakmor Salvage
1 Accursed Marauder
1 Brawn
1 Faithless Looting
1 Rampant Growth
1 Anger
1 Tranquil Thicket
1 Stitcher's Supplier
1 Graveshifter
1 Talisman of Resilience
1 Altar of the Goyf
1 Syphon Mind
1 Talisman of Indulgence
1 Sakura-Tribe Elder
1 Terramorphic Expanse
1 Tainted Peak
1 Riveteers Overlook
1 Riveteers Charm
1 Forgotten Cave
1 Path of Ancestry
1 Lightning Greaves
1 Myriad Landscape
1 Sol Ring
1 Talisman of Impulse
1 Evolving Wilds
2 Swamp
2 Swamp
2 Mountain
1 Mountain
3 Forest
2 Forest
"
Tricky Terrain (M3C),"Omo, Queen of Vesuva","Omo, Queen of Vesuva
1 Jyoti, Moag Ancient
1 March from Velis Vel
1 Wonderscape Sage
1 Copy Land
1 Desert Warfare
1 Trenchpost
1 Sage of the Maze
1 Lazotep Quarry
1 Rampant Frogantua
1 Sunken Palace
1 Horizon of Progress
1 Planar Nexus
1 Aggressive Biomancy
1 Talon Gates of Madara
1 Hydroid Krasis
1 Terastodon
1 Lair of the Hydra
1 Nissa, Steward of Elements
1 Magus of the Candelabra
1 Lumbering Falls
1 Blast Zone
1 Apex Devastator
1 Dreamroot Cascade
1 Summary Dismissal
1 Yavimaya Coast
1 Flooded Grove
1 Hour of Promise
1 Ramunap Excavator
1 Hydra Broodmaster
1 Drown in Dreams
1 Vineglimmer Snarl
1 Vivien Reid
1 Yavimaya, Cradle of Growth
1 Dryad of the Ilysian Grove
1 Mirage Mirror
1 Overflowing Basin
1 Temple of Mystery
1 Chromatic Lantern
1 Oblivion Stone
1 Scute Swarm
1 Ulvenwald Hydra
1 Evacuation
1 Replication Technique
1 Finale of Revelation
1 Mana Reflection
1 Uro, Titan of Nature's Wrath
1 Curse of the Swine
1 Vesuva
1 Dark Depths
1 Thespian's Stage
1 Avenger of Zendikar
1 Seer's Sundial
1 Rampaging Baloths
1 Fog Bank
1 Urza's Power Plant
1 Urza's Tower
1 Urza's Mine
1 Satyr Wayfinder
1 Arcane Denial
1 Simic Guildgate
1 Treasure Cruise
1 Sol Ring
1 Basilisk Gate
1 Beast Within
1 Tatyova, Benthic Druid
1 Propaganda
1 Simic Growth Chamber
1 Floriferous Vinewall
1 Arcane Signet
1 Desert of the Indomitable
1 Hashep Oasis
1 Expedition Map
1 Hidden Cataract
1 Hidden Nursery
1 Volatile Fault
1 Growth Spiral
1 Elvish Rejuvenator
1 Urban Evolution
1 Harmonize
1 Thornwood Falls
1 Cloudpost
1 Sylvan Scrying
1 Acidic Slime
1 Pongify
1 Lush Oasis
1 Skullwinder
1 Desert of the Mindful
1 Command Tower
1 Poison Dart Frog
1 Glimmerpost
1 Eureka Moment
1 Quandrix Campus
2 Island
1 Island
2 Forest
2 Forest
"
Tricky Terrain Collector's Edition (M3C),"Omo, Queen of Vesuva","Omo, Queen of Vesuva
1 Jyoti, Moag Ancient
1 March from Velis Vel
1 Wonderscape Sage
1 Copy Land
1 Desert Warfare
1 Trenchpost
1 Sage of the Maze
1 Lazotep Quarry
1 Rampant Frogantua
1 Sunken Palace
1 Horizon of Progress
1 Planar Nexus
1 Aggressive Biomancy
1 Talon Gates of Madara
1 Hydroid Krasis
1 Terastodon
1 Lair of the Hydra
1 Nissa, Steward of Elements
1 Magus of the Candelabra
1 Lumbering Falls
1 Blast Zone
1 Apex Devastator
1 Dreamroot Cascade
1 Summary Dismissal
1 Yavimaya Coast
1 Flooded Grove
1 Hour of Promise
1 Ramunap Excavator
1 Hydra Broodmaster
1 Drown in Dreams
1 Vineglimmer Snarl
1 Vivien Reid
1 Yavimaya, Cradle of Growth
1 Dryad of the Ilysian Grove
1 Mirage Mirror
1 Overflowing Basin
1 Temple of Mystery
1 Chromatic Lantern
1 Oblivion Stone
1 Scute Swarm
1 Ulvenwald Hydra
1 Evacuation
1 Replication Technique
1 Finale of Revelation
1 Mana Reflection
1 Uro, Titan of Nature's Wrath
1 Curse of the Swine
1 Vesuva
1 Dark Depths
1 Thespian's Stage
1 Avenger of Zendikar
1 Seer's Sundial
1 Rampaging Baloths
1 Fog Bank
1 Urza's Power Plant
1 Urza's Tower
1 Urza's Mine
1 Satyr Wayfinder
1 Arcane Denial
1 Simic Guildgate
1 Treasure Cruise
1 Sol Ring
1 Basilisk Gate
1 Beast Within
1 Tatyova, Benthic Druid
1 Propaganda
1 Simic Growth Chamber
1 Floriferous Vinewall
1 Arcane Signet
1 Desert of the Indomitable
1 Hashep Oasis
1 Expedition Map
1 Hidden Cataract
1 Hidden Nursery
1 Volatile Fault
1 Growth Spiral
1 Elvish Rejuvenator
1 Urban Evolution
1 Harmonize
1 Thornwood Falls
1 Cloudpost
1 Sylvan Scrying
1 Acidic Slime
1 Pongify
1 Lush Oasis
1 Skullwinder
1 Desert of the Mindful
1 Command Tower
1 Poison Dart Frog
1 Glimmerpost
1 Eureka Moment
1 Quandrix Campus
2 Island
1 Island
2 Forest
2 Forest
"
Desert Bloom (OTC),"Yuma, Proud Protector","Yuma, Proud Protector
1 Kirri, Talented Sprout
1 Scavenger Grounds
1 Sun Titan
1 Omnath, Locus of Rage
1 Descend upon the Sinful
1 Chromatic Lantern
1 Marshal's Anthem
1 Sheltered Thicket
1 Scute Swarm
1 Hour of Promise
1 Oracle of Mul Daya
1 Ramunap Excavator
1 Scattered Groves
1 World Shaper
1 Nesting Dragon
1 Turntimber Sower
1 Sevinne's Reclamation
1 Ancient Greenwarden
1 Titania, Protector of Argoth
1 Return of the Wildspeaker
1 Perennial Behemoth
1 Avenger of Zendikar
1 Hazezon, Shaper of Sand
1 Escape to the Wilds
1 Heaven // Earth
1 Genesis Hydra
1 Sunscorched Divide
1 The Mending of Dominaria
1 Decimate
1 Sand Scout
1 Embrace the Unknown
1 Dune Chanter
1 Cataclysmic Prospecting
1 Vengeful Regrowth
1 Angel of Indemnity
1 Cactus Preserve
1 Rumbleweed
1 Terramorphic Expanse
1 Evolving Wilds
1 Swiftfoot Boots
1 Explore
1 Sol Ring
1 Satyr Wayfinder
1 Perpetual Timepiece
1 Crawling Sensation
1 Painted Bluffs
1 Command Tower
1 Magmatic Insight
1 Krosan Verge
1 Desert of the True
1 Skullwinder
1 Desert of the Indomitable
1 Jungle Shrine
1 Bitter Reunion
1 Desert of the Fervent
1 Valorous Stance
1 Dunes of the Dead
1 Shefet Dunes
1 Hashep Oasis
1 Elvish Rejuvenator
1 Winding Way
1 Springbloom Druid
1 Arcane Signet
1 Unholy Heat
1 Thrilling Discovery
1 Electric Revelation
1 Eccentric Farmer
1 Harrow
1 Ramunap Ruins
1 Path to Exile
1 Requisition Raid
1 Bovine Intervention
1 Map the Frontier
1 Conduit Pylons
1 Mirage Mesa
1 Wreck and Rebuild
1 Angel of the Ruins
1 Bristling Backwoods
1 Creosote Heath
1 Abraded Bluffs
1 Scaretiller
1 Nantuko Cultivator
3 Plains
3 Plains
2 Mountain
2 Mountain
4 Forest
3 Forest
"
Grand Larceny (OTC),"Gonti, Canny Acquisitor","Gonti, Canny Acquisitor
1 Felix Five-Boots
1 Thieving Skydiver
1 Sage of the Beyond
1 Ghostly Pilferer
1 Diluvian Primordial
1 Stolen Goods
1 Curse of the Swine
1 Dazzling Sphinx
1 Arcane Heist
1 Smirking Spelljacker
1 Mind's Dilation
1 Gonti, Lord of Luxury
1 Predators' Hour
1 Brainstealer Dragon
1 Cunning Rhetoric
1 Thieving Amalgam
1 Orochi Soul-Reaver
1 Thieving Varmint
1 Heartless Conscription
1 Nashi, Moon Sage's Scion
1 Baleful Mastery
1 Ohran Frostfang
1 Savvy Trader
1 Tower Winder
1 Cazur, Ruthless Stalker
1 Silent-Blade Oni
1 Hostage Taker
1 Edric, Spymaster of Trest
1 Fallen Shinobi
1 Cold-Eyed Selkie
1 Siphon Insight
1 Extract Brain
1 Shadowmage Infiltrator
1 Baleful Strix
1 Culling Ritual
1 Thief of Sanity
1 Villainous Wealth
1 The Mimeoplasm
1 Plasm Capture
1 Ukkima, Stalking Shadow
1 Bladegriff Prototype
1 Chaos Wand
1 Dream-Thief's Bandana
1 Oblivion Sower
1 Overflowing Basin
1 Drowned Catacomb
1 Temple of Deceit
1 Temple of Malady
1 Darkwater Catacombs
1 Fetid Pools
1 Yavimaya Coast
1 Viridescent Bog
1 Exotic Orchard
1 Underground River
1 Woodland Cemetery
1 Sunken Hollow
1 Temple of Mystery
1 Hinterland Harbor
1 Darkslick Shores
1 Flooded Grove
1 Twilight Mire
1 Llanowar Wastes
1 Slither Blade
1 Whirler Rogue
1 Triton Shorestalker
1 Feed the Swarm
1 Silhana Ledgewalker
1 Rampant Growth
1 Kodama's Reach
1 Void Attendant
1 Three Visits
1 Putrefy
1 Trygon Predator
1 Doc Aurlock, Grizzled Genius
1 Arcane Signet
1 Darksteel Ingot
1 Fellwar Stone
1 Prismatic Lens
1 Sol Ring
1 Command Tower
1 Reliquary Tower
1 Access Tunnel
1 Dimir Aqueduct
1 Opulent Palace
3 Island
2 Island
3 Swamp
3 Swamp
2 Forest
2 Forest
"
Most Wanted (OTC),"Olivia, Opulent Outlaw","Olivia, Opulent Outlaw
1 Vihaan, Goldwaker
1 Council's Judgment
1 Heliod's Intervention
1 Angelic Sell-Sword
1 We Ride at Dawn
1 Massacre Girl
1 Fain, the Broker
1 Witch of the Moors
1 Nighthawk Scavenger
1 Curtains' Call
1 Misfortune Teller
1 Painful Truths
1 Kamber, the Plunderer
1 Ogre Slumlord
1 Hex
1 Mari, the Killing Quill
1 Discreet Retreat
1 Charred Graverobber
1 Back in Town
1 Marshland Bloodcaster
1 Veinwitch Coven
1 Rankle, Master of Pranks
1 Dire Fleet Ravager
1 Mirror Entity
1 Dire Fleet Daredevil
1 Captain Lannery Storm
1 Seize the Spotlight
1 Grenzo, Havoc Raiser
1 Angrath's Marauders
1 Captivating Crew
1 Rain of Riches
1 Laurine, the Diversion
1 Mass Mutiny
1 Dead Before Sunrise
1 Graywater's Fixer
1 Life Insurance
1 Breena, the Demagogue
1 Queen Marchesa
1 Idol of Oblivion
1 Academy Manufactor
1 Bounty Board
1 Fetid Heath
1 Command Beacon
1 Vault of the Archangel
1 Dragonskull Summit
1 Temple of Silence
1 Temple of Malice
1 Exotic Orchard
1 Temple of Triumph
1 Clifftop Retreat
1 Isolated Chapel
1 Bonders' Enclave
1 Caves of Koilos
1 Battlefield Forge
1 Sulfurous Springs
1 Rugged Prairie
1 Desolate Mire
1 Shadowblood Ridge
1 Canyon Slough
1 Smoldering Marsh
1 Blackcleave Cliffs
1 Mistmeadow Skulk
1 Requisition Raid
1 Changeling Outcast
1 Feed the Swarm
1 Deadly Dispute
1 Morbid Opportunist
1 Aetherborn Marauder
1 Tenured Inkcaster
1 Shoot the Sheriff
1 Lightning Greaves
1 Impulsive Pilferer
1 Shiny Impetus
1 Humble Defector
1 Glittering Stockpile
1 Boros Charm
1 Arcane Signet
1 Trailblazer's Boots
1 Bandit's Haul
1 Orzhov Signet
1 Sol Ring
1 Rakdos Signet
1 Command Tower
1 Bojuka Bog
1 Path of Ancestry
1 Rogue's Passage
1 Demolition Field
1 Tainted Peak
1 Sunhome, Fortress of the Legion
1 Nomad Outpost
1 Temple of the False God
1 Plains
1 Plains
2 Swamp
2 Swamp
1 Mountain
1 Mountain
"
Quick Draw (OTC),"Stella Lee, Wild Card","Stella Lee, Wild Card
1 Eris, Roar of the Storm
1 Archmage Emeritus
1 Baral's Expertise
1 Tezzeret's Gambit
1 Midnight Clock
1 Haughty Djinn
1 Dig Through Time
1 Winged Boots
1 Talrand, Sky Summoner
1 Octavia, Living Thesis
1 Thunderclap Drake
1 Lock and Load
1 Forger's Foundry
1 Finale of Revelation
1 Curse of the Swine
1 Mizzix's Mastery
1 Chaos Warp
1 Crackling Spellslinger
1 Pyretic Charge
1 Smoldering Stagecoach
1 Elemental Eruption
1 Rousing Refrain
1 Cursed Mirror
1 Bloodthirsty Adversary
1 Finale of Promise
1 Arcane Bombardment
1 Niv-Mizzet, Parun
1 Kaza, Roil Chaser
1 Shark Typhoon
1 Galvanic Iteration
1 Epic Experiment
1 Veyran, Voice of Duality
1 Leyline Dowser
1 Exotic Orchard
1 Shivan Reef
1 Sulfur Falls
1 Frostboil Snarl
1 Temple of Epiphany
1 Cascade Bluffs
1 Ferrous Lake
1 Treasure Cruise
1 Preordain
1 Ponder
1 Murmuring Mystic
1 Deep Analysis
1 Radical Idea
1 Opt
1 Think Twice
1 Arcane Denial
1 Pteramander
1 Vandalblast
1 Pongify
1 Serum Visions
1 Faithless Looting
1 Big Score
1 Storm-Kiln Artist
1 Young Pyromancer
1 Electrostatic Field
1 Guttersnipe
1 Volcanic Torrent
1 Windfall
1 Goblin Electromancer
1 Third Path Iconoclast
1 Expressive Iteration
1 Arcane Signet
1 Izzet Signet
1 Sol Ring
1 Command Tower
1 Temple of the False God
1 Reliquary Tower
1 Izzet Boilerworks
1 Propaganda
7 Island
7 Island
7 Mountain
6 Mountain
"
"Hail, Caesar (PIP)","Caesar, Legion's Emperor","Caesar, Legion's Emperor
1 Mr. House, President and CEO
1 Aradesh, the Founder
1 Battle of Hoover Dam
1 Overseer of Vault 76
1 Securitron Squadron
1 Sierra, Nuka's Biggest Fan
1 Vault 75: Middle School
1 Yes Man, Personal Securitron
1 V.A.T.S.
1 Wasteland Raider
1 Mysterious Stranger
1 Powder Ganger
1 Rose, Cutthroat Raider
1 Thrill-Kill Disciple
1 Wild Wasteland
1 Boomer Scrapper
1 Colonel Autumn
1 Desdemona, Freedom's Edge
1 Elder Arthur Maxson
1 Kellogg, Dangerous Mind
1 MacCready, Lamplight Mayor
1 The Nipton Lottery
1 Paladin Elizabeth Taggerdy
1 Vault 11: Voter's Dilemma
1 ED-E, Lonesome Eyebot
1 Desolate Mire
1 Diamond City
1 Captain of the Watch
1 Entrapment Maneuver
1 Hour of Reckoning
1 Keeper of the Accord
1 Marshal's Anthem
1 Martial Coup
1 Secure the Wastes
1 Black Market
1 Lethal Scheme
1 Stolen Strategy
1 Anguished Unmaking
1 Assemble the Legion
1 Fervent Charge
1 Ruinous Ultimatum
1 Canyon Slough
1 Clifftop Retreat
1 Dragonskull Summit
1 Isolated Chapel
1 Shadowblood Ridge
1 Smoldering Marsh
1 Temple of Malice
1 Temple of Silence
1 Temple of Triumph
1 Windbrisk Heights
1 Gary Clone
1 Butch DeLoria, Tunnel Snake
1 Ruthless Radrat
1 Craig Boone, Novac Guard
1 Legate Lanius, Caesar's Ace
1 White Glove Gourmand
1 Charisma Bobblehead
1 Luck Bobblehead
1 Survivor's Med Kit
1 Impassioned Orator
1 Intangible Virtue
1 Bastion of Remembrance
1 Deadly Dispute
1 Morbid Opportunist
1 Pitiless Plunderer
1 General's Enforcer
1 Heroic Reinforcements
1 Wear // Tear
1 Arcane Signet
1 Skullclamp
1 Sol Ring
1 Talisman of Conviction
1 Talisman of Hierarchy
1 Talisman of Indulgence
1 Ash Barrens
1 Command Tower
1 Evolving Wilds
1 Memorial to Glory
1 Myriad Landscape
1 Nomad Outpost
1 Path of Ancestry
1 Tainted Field
1 Tainted Peak
1 Terramorphic Expanse
3 Plains
2 Plains
2 Swamp
2 Swamp
3 Mountain
2 Mountain
"
Mutant Menace (PIP),The Wise Mothman,"The Wise Mothman
1 The Master, Transcendent
1 Jason Bright, Glowing Prophet
1 Mirelurk Queen
1 Piper Wright, Publick Reporter
1 Radstorm
1 Struggle for Project Purity
1 Feral Ghoul
1 Hancock, Ghoulish Mayor
1 Nuclear Fallout
1 Screeching Scorchbeast
1 Vault 12: The Necropolis
1 Harold and Bob, First Numens
1 Lily Bowen, Raging Grandma
1 Power Fist
1 Rampaging Yao Guai
1 Strong, the Brutish Thespian
1 Tato Farmer
1 Watchful Radstag
1 Agent Frank Horrigan
1 Alpha Deathclaw
1 Atomize
1 Marcus, Mutant Mayor
1 Mutational Advantage
1 Vault 87: Forced Evolution
1 Nuka-Nuke Launcher
1 Recon Craft Theta
1 Mariposa Military Base
1 Overflowing Basin
1 Viridescent Bog
1 Fraying Sanity
1 Inexorable Tide
1 Branching Evolution
1 Guardian Project
1 Hardened Scales
1 Tireless Tracker
1 Biomass Mutation
1 Casualties of War
1 Find // Finality
1 Darkwater Catacombs
1 Drowned Catacomb
1 Exotic Orchard
1 Fetid Pools
1 Hinterland Harbor
1 Nesting Grounds
1 Sunken Hollow
1 Temple of Deceit
1 Temple of Malady
1 Temple of Mystery
1 Woodland Cemetery
1 Vexing Radgull
1 Bloatfly Swarm
1 Infesting Radroach
1 Cathedral Acolyte
1 Glowing One
1 Lumbering Megasloth
1 Contaminated Drink
1 Nightkin Ambusher
1 Raul, Trouble Shooter
1 Young Deathclaws
1 Strength Bobblehead
1 Cultivate
1 Farseek
1 Harmonize
1 Inspiring Call
1 Rampant Growth
1 Corpsejack Menace
1 Putrefy
1 Winding Constrictor
1 Arcane Signet
1 Contagion Clasp
1 Sol Ring
1 Talisman of Curiosity
1 Talisman of Dominance
1 Talisman of Resilience
1 Ash Barrens
1 Command Tower
1 Evolving Wilds
1 Mortuary Mire
1 Opulent Palace
1 Path of Ancestry
1 Tainted Isle
1 Tainted Wood
1 Temple of the False God
1 Terramorphic Expanse
3 Swamp
2 Swamp
3 Forest
2 Forest
3 Island
2 Island
"
Science! (PIP),Dr. Madison Li,"Dr. Madison Li
1 Liberty Prime, Recharged
1 Automated Assembly Line
1 Brotherhood Scribe
1 Overencumbered
1 The Prydwen, Steel Flagship
1 Sentry Bot
1 Vault 13: Dweller's Journey
1 Curie, Emergent Intelligence
1 James, Wandering Dad // Follow Him
1 Nick Valentine, Private Eye
1 Synth Infiltrator
1 Assaultron Dominator
1 The Motherlode, Excavator
1 Plasma Caster
1 Synth Eradicator
1 Arcade Gannon
1 Electrosiphon
1 Red Death, Shipwrecker
1 Rex, Cyber-Hound
1 Sentinel Sarah Lyons
1 Shaun, Father of Synths
1 Vault 112: Sadistic Simulation
1 Brotherhood Vertibird
1 T-45 Power Armor
1 Ferrous Lake
1 HELIOS One
1 Austere Command
1 Open the Vaults
1 Mechanized Production
1 One with the Machine
1 Wake the Past
1 Mystic Forge
1 Panharmonicon
1 Solemn Simulacrum
1 Steel Overseer
1 Clifftop Retreat
1 Exotic Orchard
1 Glacial Fortress
1 Irrigated Farmland
1 Prairie Stream
1 Skycloud Expanse
1 Spire of Industry
1 Sulfur Falls
1 Temple of Enlightenment
1 Temple of Epiphany
1 Treasure Vault
1 Paladin Danse, Steel Maverick
1 Nerd Rage
1 Robobrain War Mind
1 Bottle-Cap Blast
1 Elder Owyn Lyons
1 Behemoth of Vault 0
1 C.A.M.P.
1 Endurance Bobblehead
1 Expert-Level Safe
1 Intelligence Bobblehead
1 Nuka-Cola Vending Machine
1 Crush Contraband
1 Dispatch
1 Swords to Plowshares
1 Glimmer of Genius
1 Thirst for Knowledge
1 Whirler Rogue
1 Loyal Apprentice
1 Unexpected Windfall
1 Arcane Signet
1 Everflowing Chalice
1 Lightning Greaves
1 Mind Stone
1 Sol Ring
1 Talisman of Conviction
1 Talisman of Creativity
1 Talisman of Progress
1 Thought Vessel
1 Wayfarer's Bauble
1 Ash Barrens
1 Buried Ruin
1 Command Tower
1 Evolving Wilds
1 Myriad Landscape
1 Mystic Monastery
1 Path of Ancestry
1 Razortide Bridge
1 Rustvale Bridge
1 Silverbluff Bridge
1 Terramorphic Expanse
3 Island
2 Island
2 Mountain
2 Mountain
2 Plains
2 Plains
"
Scrappy Survivors (PIP),"Dogmeat, Ever Loyal","Dogmeat, Ever Loyal
1 Preston Garvey, Minuteman
1 Codsworth, Handy Helper
1 Idolized
1 Pre-War Formalwear
1 Vault 101: Birthday Party
1 Duchess, Wayward Tavernkeep
1 Grim Reaper's Sprint
1 Junk Jet
1 Megaton's Fate
1 Vault 21: House Gambit
1 Veronica, Dissident Scribe
1 Animal Friend
1 Strong Back
1 Almost Perfect
1 Armory Paladin
1 Cait, Cage Brawler
1 Cass, Hand of Vengeance
1 Inventory Management
1 Moira Brown, Guide Author
1 Three Dog, Galaxy News DJ
1 Mister Gutsy
1 Pip-Boy 3000
1 Junktown
1 Sunscorched Divide
1 Mantle of the Ancients
1 Puresteel Paladin
1 Single Combat
1 Blasphemous Act
1 Chaos Warp
1 Heroic Intervention
1 Basilisk Collar
1 Bloodforged Battle-Axe
1 Champion's Helm
1 Masterwork of Ingenuity
1 Canopy Vista
1 Cinder Glade
1 Clifftop Retreat
1 Exotic Orchard
1 Mossfire Valley
1 Rootbound Crag
1 Scattered Groves
1 Scavenger Grounds
1 Sheltered Thicket
1 Sungrass Prairie
1 Sunpetal Grove
1 Temple of Abandon
1 Temple of Plenty
1 Temple of Triumph
1 Brotherhood Outcast
1 Commander Sofia Daguerre
1 Acquired Mutation
1 Crimson Caravaneer
1 Ian the Reckless
1 Bighorner Rancher
1 Break Down
1 Gunner Conscript
1 Super Mutant Scavenger
1 Well Rested
1 Agility Bobblehead
1 Perception Bobblehead
1 Silver Shroud Costume
1 All That Glitters
1 Path to Exile
1 Valorous Stance
1 Sticky Fingers
1 Abundant Growth
1 Fertile Ground
1 Rancor
1 Squirrel Nest
1 Wild Growth
1 Behemoth Sledge
1 Arcane Signet
1 Brass Knuckles
1 Explorer's Scope
1 Fireshrieker
1 Sol Ring
1 Swiftfoot Boots
1 Ash Barrens
1 Buried Ruin
1 Command Tower
1 Evolving Wilds
1 Jungle Shrine
1 Path of Ancestry
1 Roadside Reliquary
1 Rogue's Passage
1 Temple of the False God
1 Terramorphic Expanse
2 Mountain
2 Mountain
2 Forest
2 Forest
2 Plains
2 Plains
"
Blame Game (MKC),"Nelly Borca, Impulsive Accuser","Nelly Borca, Impulsive Accuser
1 Feather, Radiant Arbiter
1 Immortal Obligation
1 Otherworldly Escort
1 Redemption Arc
1 Trouble in Pairs
1 Havoc Eater
1 Hot Pursuit
1 Mob Verdict
1 Prisoner's Dilemma
1 Take the Bait
1 Ransom Note
1 Angel of the Ruins
1 Comeuppance
1 Darien, King of Kjeldor
1 Duelist's Heritage
1 Elspeth, Sun's Champion
1 Keeper of the Accord
1 Loran of the Third Path
1 Promise of Loyalty
1 Selfless Squire
1 Sevinne's Reclamation
1 Smuggler's Share
1 Stalking Leonin
1 Sun Titan
1 Windborn Muse
1 Winds of Rath
1 Agitator Ant
1 Brash Taunter
1 Disrupt Decorum
1 Etali, Primal Storm
1 Fiendish Duo
1 Frontier Warmonger
1 Kazuul, Tyrant of the Cliffs
1 Spectacular Showdown
1 Vengeful Ancestor
1 Anya, Merciless Angel
1 Boros Reckoner
1 Deflecting Palm
1 Gisela, Blade of Goldnight
1 Ancient Stone Idol
1 Solemn Simulacrum
1 Steel Hellkite
1 Tome of Legends
1 Castle Ardenvale
1 Exotic Orchard
1 Furycalm Snarl
1 Kher Keep
1 Labyrinth of Skophos
1 Needle Spires
1 Scavenger Grounds
1 Slayers' Stronghold
1 Temple of Triumph
1 Throne of the High City
1 War Room
1 Ghostly Prison
1 Gideon's Sacrifice
1 Martial Impetus
1 Orzhov Advokist
1 Seal of Cleansing
1 Soul Snare
1 Vow of Duty
1 Wall of Omens
1 Curse of Opulence
1 Rite of the Raging Storm
1 Shiny Impetus
1 Vow of Lightning
1 Arcane Signet
1 Bloodthirsty Blade
1 Fellwar Stone
1 Mind Stone
1 Sol Ring
1 Talisman of Conviction
1 Thought Vessel
1 Access Tunnel
1 Ash Barrens
1 Boros Garrison
1 Command Tower
1 Escape Tunnel
1 Myriad Landscape
1 Reliquary Tower
1 Rogue's Passage
1 Sunhome, Fortress of the Legion
1 Temple of the False God
5 Plains
4 Plains
4 Mountain
3 Mountain
"
Deadly Disguise (MKC),"Kaust, Eyes of the Glade","Kaust, Eyes of the Glade
1 Duskana, the Rage Mother
1 True Identity
1 Unexplained Absence
1 Veiled Ascension
1 Boltbender
1 Showstopping Surprise
1 Tesak, Judith's Hellhound
1 Experiment Twelve
1 Printlifter Ooze
1 Panoptic Projektor
1 Ransom Note
1 Ugin's Mastery
1 Austere Command
1 Dusk // Dawn
1 Exalted Angel
1 Fell the Mighty
1 Hidden Dragonslayer
1 Master of Pearls
1 Mastery of the Unseen
1 Mirror Entity
1 Welcoming Vampire
1 Akroma, Angel of Fury
1 Ashcloud Phoenix
1 Chaos Warp
1 Imperial Hellkite
1 Jeska's Will
1 Neheb, the Eternal
1 Scourge of the Throne
1 Beast Whisperer
1 Deathmist Raptor
1 Den Protector
1 Hooded Hydra
1 Krosan Cloudscraper
1 Krosan Colossus
1 Obscuring Aether
1 Ohran Frostfang
1 Return of the Wildspeaker
1 Root Elemental
1 Saryth, the Viper's Fang
1 Seedborn Muse
1 Temur War Shaman
1 Thelonite Hermit
1 Toski, Bearer of Secrets
1 Trail of Mystery
1 Whisperwood Elemental
1 Yedora, Grave Gardener
1 Decimate
1 Sidar Kondo of Jamuraa
1 Lifecrafter's Bestiary
1 Scroll of Fate
1 Canopy Vista
1 Cinder Glade
1 Exotic Orchard
1 Fortified Village
1 Furycalm Snarl
1 Game Trail
1 Kessig Wolf Run
1 Mossfire Valley
1 Mosswort Bridge
1 Scattered Groves
1 Sheltered Thicket
1 Shrine of the Forsaken Gods
1 Sungrass Prairie
1 Temple of Abandon
1 Temple of Plenty
1 Temple of Triumph
1 Path to Exile
1 Ainok Survivalist
1 Broodhatch Nantuko
1 Nervous Gardener
1 Nantuko Vigilante
1 Nature's Lore
1 Sakura-Tribe Elder
1 Salt Road Ambushers
1 Three Visits
1 Wild Growth
1 Arcane Signet
1 Sol Ring
1 Boros Garrison
1 Command Tower
1 Branch of Vitu-Ghazi
1 Gruul Turf
1 Jungle Shrine
1 Krosan Verge
1 Sacred Peaks
1 Selesnya Sanctuary
1 Temple of the False God
1 Zoetic Cavern
2 Plains
2 Plains
2 Mountain
1 Mountain
2 Forest
2 Forest
"
Deep Clue Sea (MKC),"Morska, Undersea Sleuth","Morska, Undersea Sleuth
1 Sophia, Dogged Detective
1 Armed with Proof
1 Merchant of Truth
1 Serene Sleuth
1 Detective of the Month
1 Follow the Bodies
1 Tangletrove Kelp
1 Innocuous Researcher
1 On the Trail
1 Knowledge Is Power
1 Ransom Note
1 Aerial Extortionist
1 Bennie Bracks, Zoologist
1 Farewell
1 Fumigate
1 Organic Extinction
1 Search the Premises
1 Alandra, Sky Dreamer
1 Confirm Suspicions
1 Ethereal Investigator
1 Finale of Revelation
1 Kappa Cannoneer
1 Mechanized Production
1 Nadir Kraken
1 Shimmer Dragon
1 Teferi's Ageless Insight
1 Tezzeret, Betrayer of Flesh
1 Thought Monitor
1 Hornet Queen
1 Jolrael, Mwonvuli Recluse
1 Killer Service
1 Tireless Tracker
1 Adrix and Nev, Twincasters
1 Chulane, Teller of Tales
1 Disorder in the Court
1 Esix, Fractal Bloom
1 Hydroid Krasis
1 Koma, Cosmos Serpent
1 Lonis, Cryptozoologist
1 Selvala, Explorer Returned
1 Academy Manufactor
1 Idol of Oblivion
1 Inspiring Statuary
1 Nettlecyst
1 Psychosis Crawler
1 Canopy Vista
1 Exotic Orchard
1 Irrigated Farmland
1 Prairie Stream
1 Scattered Groves
1 Skycloud Expanse
1 Spire of Industry
1 Sungrass Prairie
1 Temple of Enlightenment
1 Temple of Mystery
1 Temple of Plenty
1 Swords to Plowshares
1 Erdwal Illuminator
1 Junk Winder
1 Ongoing Investigation
1 Whirler Rogue
1 Graf Mole
1 Ulvenwald Mysteries
1 Wilderness Reclamation
1 Wavesifter
1 Arcane Signet
1 Azorius Signet
1 Simic Signet
1 Sol Ring
1 Talisman of Curiosity
1 Talisman of Progress
1 Talisman of Unity
1 Azorius Chancery
1 Magnifying Glass
1 Command Tower
1 Krosan Verge
1 Lonely Sandbar
1 Path of Ancestry
1 Reliquary Tower
1 Seaside Citadel
1 Secluded Steppe
1 Selesnya Sanctuary
1 Simic Growth Chamber
1 Temple of the False God
1 Tranquil Thicket
2 Plains
1 Plains
3 Island
3 Island
3 Forest
2 Forest
"
Revenant Recon (MKC),"Mirko, Obsessive Theorist","Mirko, Obsessive Theorist
1 Marvo, Deep Operative
1 Case of the Shifting Visage
1 Copy Catchers
1 Final-Word Phantom
1 Watcher of Hours
1 Charnel Serenade
1 Eye of Duskmantle
1 Foreboding Steamboat
1 Unshakable Tail
1 Counterpoint
1 Ransom Note
1 Amphin Mutineer
1 Dream Eater
1 Mission Briefing
1 Phyrexian Metamorph
1 Sphinx of the Second Sun
1 Vizier of Many Faces
1 Black Sun's Zenith
1 Dogged Detective
1 Doom Whisperer
1 Grave Titan
1 Massacre Wurm
1 Overseer of the Damned
1 Phyrexian Arena
1 Pile On
1 Reanimate
1 Rise of the Dark Realms
1 Toxic Deluge
1 Twilight Prophet
1 Baleful Strix
1 Connive // Concoct
1 Lazav, the Multifarious
1 Master of Death
1 Choked Estuary
1 Darkwater Catacombs
1 Drownyard Temple
1 Fetid Pools
1 Hostile Desert
1 River of Tears
1 Sunken Hollow
1 Brainstorm
1 Consider
1 Curate
1 Deep Analysis
1 Enhanced Surveillance
1 Ephara's Dispersal
1 Mulldrifter
1 Nightveil Sprite
1 Otherworldly Gaze
1 Thoughtbound Phantasm
1 Animate Dead
1 Necromancy
1 Price of Fame
1 Ravenous Chupacabra
1 Shriekmaw
1 Sinister Starfish
1 Syr Konrad, the Grim
1 Whispering Snitch
1 Dimir Spybug
1 Discovery // Dispersal
1 Disinformation Campaign
1 Notion Rain
1 Arcane Signet
1 Dimir Signet
1 Everflowing Chalice
1 Mind Stone
1 Sol Ring
1 Talisman of Dominance
1 Thought Vessel
1 Ash Barrens
1 Bojuka Bog
1 Command Tower
1 Dimir Aqueduct
1 Myriad Landscape
1 Mystic Sanctuary
1 Port of Karfell
1 Reliquary Tower
1 Rogue's Passage
1 Tainted Isle
1 Temple of the False God
1 Tocasia's Dig Site
5 Island
4 Island
5 Swamp
4 Swamp
"
Raining Cats and Dogs (SLD),"Rin and Seri, Inseparable // Rin and Seri, Inseparable","Rin and Seri, Inseparable // Rin and Seri, Inseparable
1 Jetmir, Nexus of Revels // Jetmir, Nexus of Revels
1 Jinnie Fay, Jetmir's Second // Jinnie Fay, Jetmir's Second
1 Anointed Procession // Anointed Procession
1 Sol Ring // Sol Ring
1 Alms Collector
1 Highcliff Felidar
1 Kitt Kanto, Mayhem Diva
1 Brimaz, King of Oreskos
1 Stalking Leonin
1 Cast Out
1 Phabine, Boss's Confidant
1 Crib Swap
1 Path to Exile
1 King of the Pride
1 Felidar Retreat
1 White Sun's Zenith
1 Komainu Battle Armor
1 Skyhunter Strike Force
1 Whitemane Lion
1 Loyal Warhound
1 Regal Caracal
1 Lion Sash
1 Pack Leader
1 Tocasia's Welcome
1 Hungry Lynx
1 Seht's Tiger
1 Mirror Entity
1 Qasali Slingers
1 Spirited Companion
1 Marisi, Breaker of the Coil
1 Jungle Shrine
1 Cursed Mirror
1 Herald's Horn
1 Path of Ancestry
1 Oreskos Explorer
1 Jazal Goldmane
1 Fleetfoot Panther
1 Taurean Mauler
1 Krosan Verge
1 Impact Tremors
1 Temur Sabertooth
1 Exotic Orchard
1 Nacatl War-Pride
1 Warp World
1 Arcane Signet
1 Beastmaster Ascension
1 Keeper of Fables
1 Nature's Lore
1 Command Tower
1 Return of the Wildspeaker
1 Feline Sovereign
1 Masked Vandal
1 Realmwalker
1 Greater Tanuki
1 Lurking Predators
1 Rootbound Crag
1 Sunpetal Grove
1 Showdown of the Skalds
1 Basilisk Collar
1 Oketra's Monument
1 Canopy Vista
1 Cinder Glade
1 Bloodline Pretender
1 Clifftop Retreat
1 Maskwood Nexus
1 Animal Sanctuary
1 Scattered Groves
1 Sheltered Thicket
1 Jetmir's Garden
1 Skullclamp
1 Vanquisher's Banner
1 Three Visits
1 Cultivate
1 Farseek
1 Fortified Village
1 Game Trail
1 Dusk // Dawn
10 Plains
5 Mountain
7 Forest
"
Ahoy Mateys (LCC),"Admiral Brass, Unsinkable","Admiral Brass, Unsinkable
1 Don Andres, the Renegade
1 The Indomitable
1 Storm Fleet Negotiator
1 Francisco, Fowl Marauder
1 The Grim Captain's Locker
1 Skeleton Crew
1 Broadside Bombardiers
1 Gemcutter Buccaneer
1 Arm-Mounted Anchor
1 Amphin Mutineer
1 Bident of Thassa
1 Corsair Captain
1 Evacuation
1 Timestream Navigator
1 Warkite Marauder
1 Black Market Connections
1 Blood Money
1 Dire Fleet Ravager
1 Fathom Fleet Captain
1 Lethal Scheme
1 Angrath's Marauders
1 Blasphemous Act
1 Captain Lannery Storm
1 Captivating Crew
1 Chaos Warp
1 Coercive Recruiter
1 Dire Fleet Daredevil
1 Kari Zev, Skyship Raider
1 Port Razer
1 Shared Animosity
1 Admiral Beckett Brass
1 Hostage Taker
1 King Narfi's Betrayal
1 Prismari Command
1 Zara, Renegade Recruiter
1 Icon of Ancestry
1 Vanquisher's Banner
1 Choked Estuary
1 Desolate Lighthouse
1 Exotic Orchard
1 Foreboding Ruins
1 Frostboil Snarl
1 Geier Reach Sanitarium
1 Nephalia Drownyard
1 Smoldering Marsh
1 Sulfur Falls
1 Sunken Hollow
1 Azure Fleet Admiral
1 Enterprising Scallywag
1 Daring Saboteur
1 Departed Deckhand
1 Distant Melody
1 Ghost of Ramirez DePietro
1 Malcolm, Keen-Eyed Navigator
1 Merchant Raiders
1 Siren Stormtamer
1 Spectral Sailor
1 Windfall
1 Feed the Swarm
1 Pitiless Plunderer
1 Breeches, Brazen Plunderer
1 Faithless Looting
1 Rakdos Charm
1 Ramirez DePietro, Pillager
1 Arcane Signet
1 Commander's Sphere
1 Dimir Signet
1 Herald's Horn
1 Izzet Signet
1 Rakdos Signet
1 Sol Ring
1 Wayfarer's Bauble
1 Command Tower
1 Crumbling Necropolis
1 Evolving Wilds
1 Path of Ancestry
1 Port of Karfell
1 Rogue's Passage
1 Secluded Courtyard
1 Terramorphic Expanse
1 Thriving Bluff
1 Thriving Isle
1 Thriving Moor
1 Unclaimed Territory
3 Island
3 Island
2 Swamp
2 Swamp
3 Mountain
2 Mountain
"
Blood Rites (LCC),"ClavileÃ±o, First of the Blessed","ClavileÃ±o, First of the Blessed
1 Carmen, Cruel Skymarcher
1 Charismatic Conqueror
1 Elenda's Hierophant
1 March of the Canonized
1 Redemption Choir
1 Dusk Legion Sergeant
1 Master of Dark Rites
1 Promise of Aclazotz // Foul Rebirth
1 Order of Sacred Dusk
1 Austere Command
1 Kindred Boon
1 Mavren Fein, Dusk Apostle
1 Radiant Destiny
1 Welcoming Vampire
1 Bloodghast
1 Bloodtracker
1 Butcher of Malakir
1 Champion of Dusk
1 Cordial Vampire
1 Crossway Troublemakers
1 Damn
1 Drana, Liberator of Malakir
1 Exquisite Blood
1 Glass-Cast Heart
1 New Blood
1 Nighthawk Scavenger
1 Olivia's Wrath
1 Pact of the Serpent
1 Patron of the Vein
1 Sanctum Seeker
1 Timothar, Baron of Bats
1 Twilight Prophet
1 Yahenni, Undying Partisan
1 Elenda, the Dusk Rose
1 Sorin, Lord of Innistrad
1 Utter End
1 Vona, Butcher of Magan
1 Blade of the Bloodchief
1 Isolated Chapel
1 Shineshadow Snarl
1 Temple of Silence
1 Vault of the Archangel
1 Voldaren Estate
1 Windbrisk Heights
1 Martyr of Dusk
1 Return to Dust
1 Swords to Plowshares
1 Blood Artist
1 Bloodline Necromancer
1 Dusk Legion Zealot
1 Falkenrath Noble
1 Indulgent Aristocrat
1 Oathsworn Vampire
1 Village Rites
1 Viscera Seer
1 BartolomÃ© del Presidio
1 Cruel Celebrant
1 Etchings of the Chosen
1 Legion Lieutenant
1 Arcane Signet
1 Commander's Sphere
1 Heirloom Blade
1 Mind Stone
1 Orzhov Signet
1 Sol Ring
1 Swiftfoot Boots
1 Talisman of Hierarchy
1 Wayfarer's Bauble
1 Bojuka Bog
1 Command Tower
1 Myriad Landscape
1 Orzhov Basilica
1 Path of Ancestry
1 Rogue's Passage
1 Secluded Courtyard
1 Tainted Field
1 Temple of the False God
1 Unclaimed Territory
4 Plains
4 Plains
7 Swamp
6 Swamp
"
